Id,ActivityDate,TotalSteps,TotalDistance,TrackerDistance,LoggedActivitiesDistance,VeryActiveDistance,ModeratelyActiveDistance,LightActiveDistance,SedentaryActiveDistance,VeryActiveMinutes,FairlyActiveMinutes,LightlyActiveMinutes,SedentaryMinutes,Calories
1503960366,12/04/2016,13162,8.5000,8.5000,0.0000,1.880,0.550,6.060,0.000,25,13,328,728,1985
1624580081,12/04/2016,8163,5.3100,5.3100,0.0000,0.000,0.000,5.310,0.000,0,0,146,1294,1432
1644430081,12/04/2016,10694,7.7700,7.7700,0.0000,0.140,2.300,5.330,0.000,2,51,256,1131,3199
1844505072,12/04/2016,6697,4.4300,4.4300,0.0000,0.000,0.000,4.430,0.000,0,0,339,1101,2030
1927972279,12/04/2016,678,0.4700,0.4700,0.0000,0.000,0.000,0.470,0.000,0,0,55,734,2220
2022484408,12/04/2016,11875,8.3400,8.3400,0.0000,3.310,0.770,4.260,0.000,42,14,227,1157,2390
2026352035,12/04/2016,4414,2.7400,2.7400,0.0000,0.190,0.350,2.200,0.000,3,8,181,706,1459
2320127002,12/04/2016,10725,7.4900,7.4900,0.0000,1.170,0.310,6.010,0.000,13,9,306,1112,2124
2347167796,12/04/2016,10113,6.8300,6.8300,0.0000,2.000,0.620,4.200,0.000,28,13,320,964,2344
2873212765,12/04/2016,8796,5.9100,5.9100,0.0000,0.110,0.930,4.880,0.000,2,21,356,1061,1982
3372868164,12/04/2016,4747,3.2400,3.2400,0.0000,0.000,0.000,3.230,0.010,0,0,280,1160,1788
3977333714,12/04/2016,8856,5.9800,5.9800,0.0000,3.060,0.910,2.010,0.000,44,19,131,777,1450
4020332650,12/04/2016,8539,6.1200,6.1200,0.0000,0.150,0.240,5.680,0.000,4,15,331,712,3654
4057192912,12/04/2016,5394,4.0300,4.0300,0.0000,0.000,0.000,3.940,0.000,0,0,164,1276,2286
4319703577,12/04/2016,7753,5.2000,5.2000,0.0000,0.000,0.000,0.000,0.000,0,0,0,1440,2115
4388161847,12/04/2016,10122,7.7800,7.7800,0.0000,0.000,0.000,0.000,0.000,0,0,0,1440,2955
4445114986,12/04/2016,3276,2.2000,2.2000,0.0000,0.000,0.000,2.200,0.000,0,0,196,787,2113
4558609924,12/04/2016,5135,3.3900,3.3900,0.0000,0.000,0.000,3.390,0.000,0,0,318,1122,1909
4702921684,12/04/2016,7213,5.8800,5.8800,0.0000,0.000,0.000,5.850,0.000,0,0,263,718,2947
5553957443,12/04/2016,11596,7.5700,7.5700,0.0000,1.370,0.790,5.410,0.000,19,13,277,767,2026
5577150313,12/04/2016,8135,6.0800,6.0800,0.0000,3.600,0.380,2.100,0.000,86,16,140,728,3405
6117666160,12/04/2016,0,0.0000,0.0000,0.0000,0.000,0.000,0.000,0.000,0,0,0,1440,1496
6290855005,12/04/2016,4562,3.4500,3.4500,0.0000,0.000,0.000,3.450,0.000,0,0,199,1241,2560
6775888955,12/04/2016,0,0.0000,0.0000,0.0000,0.000,0.000,0.000,0.000,0,0,0,1440,1841
6962181067,12/04/2016,10199,6.7400,6.7400,0.0000,3.400,0.830,2.510,0.000,50,14,189,796,1994
7007744171,12/04/2016,14172,10.2900,9.4800,4.8698,4.500,0.380,5.410,0.000,53,8,355,1024,2937
7086361926,12/04/2016,11317,8.4100,8.4100,0.0000,5.270,0.150,2.970,0.000,59,6,153,745,2772
8053475328,12/04/2016,18060,14.1200,14.1200,0.0000,11.640,0.390,2.100,0.000,116,8,123,1193,3186
8253242879,12/04/2016,9033,7.1600,7.1600,0.0000,5.430,0.140,1.590,0.000,40,2,154,1244,2044
8378563200,12/04/2016,7626,6.0500,6.0500,2.2531,0.830,0.710,4.500,0.000,65,15,156,723,3635
8583815059,12/04/2016,5014,3.9100,3.9100,0.0000,0.000,0.330,3.580,0.000,0,7,196,1237,2650
8792009665,12/04/2016,2564,1.6400,1.6400,0.0000,0.000,0.000,1.640,0.000,0,0,116,831,2044
8877689391,12/04/2016,23186,20.4000,20.4000,0.0000,12.220,0.340,7.820,0.000,85,7,312,1036,3921
1503960366,13/04/2016,10735,6.9700,6.9700,0.0000,1.570,0.690,4.710,0.000,21,19,217,776,1797
1624580081,13/04/2016,7007,4.5500,4.5500,0.0000,0.000,0.000,4.550,0.000,0,0,148,1292,1411
1644430081,13/04/2016,8001,5.8200,5.8200,0.0000,2.280,0.900,2.640,0.000,30,16,135,1259,2902
1844505072,13/04/2016,4929,3.2600,3.2600,0.0000,0.000,0.000,3.260,0.000,0,0,248,1192,1860
1927972279,13/04/2016,356,0.2500,0.2500,0.0000,0.000,0.000,0.250,0.000,0,0,32,986,2151
2022484408,13/04/2016,12024,8.5000,8.5000,0.0000,2.990,0.100,5.410,0.000,43,5,292,1100,2601
2026352035,13/04/2016,4993,3.1000,3.1000,0.0000,0.000,0.000,3.100,0.000,0,0,238,663,1521
2320127002,13/04/2016,7275,4.9000,4.9000,0.0000,0.000,0.000,4.900,0.000,0,0,335,1105,2003
2347167796,13/04/2016,10352,7.0100,7.0100,0.0000,1.660,1.940,3.410,0.000,19,32,195,676,2038
2873212765,13/04/2016,7618,5.1200,5.1200,0.0000,0.000,0.220,4.880,0.020,0,8,404,1028,2004
3372868164,13/04/2016,9715,6.6300,6.6300,0.0000,0.990,0.340,5.270,0.020,16,8,371,1045,2093
3977333714,13/04/2016,10035,6.7100,6.7100,0.0000,2.030,2.130,2.550,0.000,31,46,153,754,1495
4020332650,13/04/2016,0,0.0000,0.0000,0.0000,0.000,0.000,0.000,0.000,0,0,0,1440,1981
4057192912,13/04/2016,5974,4.4700,4.4700,0.0000,0.000,0.000,4.370,0.000,0,0,160,1280,2306
4319703577,13/04/2016,8204,5.5000,5.5000,0.0000,0.530,0.590,1.310,0.000,8,15,96,1234,2135
4388161847,13/04/2016,10993,8.4500,8.4500,0.0000,0.060,0.630,3.880,0.000,1,14,150,1275,3092
4445114986,13/04/2016,2961,1.9900,1.9900,0.0000,0.000,0.000,1.990,0.000,0,0,194,840,2095
4558609924,13/04/2016,4978,3.2900,3.2900,0.0000,1.240,0.440,1.610,0.000,19,7,127,1287,1722
4702921684,13/04/2016,6877,5.5800,5.5800,0.0000,0.000,0.000,5.580,0.000,0,0,258,777,2898
5553957443,13/04/2016,4832,3.1600,3.1600,0.0000,0.000,0.000,3.160,0.000,0,0,226,647,1718
5577150313,13/04/2016,5077,3.7900,3.7900,0.0000,0.320,0.220,3.250,0.000,15,11,144,776,2551
6117666160,13/04/2016,0,0.0000,0.0000,0.0000,0.000,0.000,0.000,0.000,0,0,0,1440,1496
6290855005,13/04/2016,7142,5.4000,5.4000,0.0000,0.000,0.000,5.390,0.010,0,0,350,1090,2905
6775888955,13/04/2016,4053,2.9100,2.9100,0.0000,1.110,0.580,1.220,0.000,17,18,85,1053,2400
6962181067,13/04/2016,5652,3.7400,3.7400,0.0000,0.570,1.210,1.960,0.000,8,24,142,548,1718
7007744171,13/04/2016,12862,9.6500,8.6000,4.8513,4.610,0.560,4.480,0.000,56,22,261,1101,2742
7086361926,13/04/2016,5813,3.6200,3.6200,0.0000,0.560,0.210,2.840,0.000,31,26,155,744,2516
8053475328,13/04/2016,16433,13.3500,13.3500,0.0000,10.430,0.470,2.450,0.000,95,12,156,1177,3140
8253242879,13/04/2016,8053,6.1000,6.1000,0.0000,4.170,0.630,1.310,0.000,35,11,96,1298,1935
8378563200,13/04/2016,12386,9.8200,9.8200,2.0921,4.960,0.650,4.210,0.000,116,14,169,680,4079
8583815059,13/04/2016,5571,4.3500,4.3500,0.0000,0.150,0.970,3.230,0.000,2,23,163,1252,2654
8792009665,13/04/2016,1320,0.8400,0.8400,0.0000,0.000,0.000,0.840,0.000,0,0,82,806,1934
8877689391,13/04/2016,15337,9.5800,9.5800,0.0000,3.550,0.380,5.640,0.000,108,18,216,1098,3566
1503960366,14/04/2016,10460,6.7400,6.7400,0.0000,2.440,0.400,3.910,0.000,30,11,181,1218,1776
1624580081,14/04/2016,9107,5.9200,5.9200,0.0000,0.000,0.000,5.910,0.010,0,0,236,1204,1572
1644430081,14/04/2016,11037,8.0200,8.0200,0.0000,0.360,2.560,5.100,0.000,5,58,252,1125,3226
1844505072,14/04/2016,7937,5.2500,5.2500,0.0000,0.000,0.000,5.230,0.000,0,0,373,843,2130
1927972279,14/04/2016,2163,1.5000,1.5000,0.0000,0.000,0.400,1.100,0.000,0,9,88,1292,2383
2022484408,14/04/2016,10690,7.5000,7.5000,0.0000,2.480,0.210,4.820,0.000,32,3,257,1148,2312
2026352035,14/04/2016,3335,2.0700,2.0700,0.0000,0.000,0.000,2.050,0.000,0,0,197,653,1431
2320127002,14/04/2016,3973,2.6800,2.6800,0.0000,0.000,0.000,2.680,0.000,0,0,191,1249,1696
2347167796,14/04/2016,10129,6.7000,6.7000,0.0000,0.020,2.740,3.940,0.000,1,48,206,705,2010
2873212765,14/04/2016,7910,5.3200,5.3200,0.0000,0.000,0.000,5.320,0.000,0,0,331,1109,1893
3372868164,14/04/2016,8844,6.0300,6.0300,0.0000,0.340,1.030,4.650,0.010,6,25,370,1039,2065
3977333714,14/04/2016,7641,5.1100,5.1100,0.0000,0.320,0.970,3.820,0.000,5,23,214,801,1433
4020332650,14/04/2016,108,0.0800,0.0800,0.0000,0.000,0.000,0.030,0.000,0,0,3,1437,2011
4057192912,14/04/2016,0,0.0000,0.0000,0.0000,0.000,0.000,0.000,0.000,0,0,0,1440,1776
4319703577,14/04/2016,10210,6.8800,6.8800,0.0000,0.110,0.330,6.440,0.000,1,9,339,589,2302
4388161847,14/04/2016,8863,6.8200,6.8200,0.0000,0.130,1.070,5.620,0.000,10,35,219,945,2998
4445114986,14/04/2016,3974,2.6700,2.6700,0.0000,0.000,0.000,2.670,0.000,0,0,231,717,2194
4558609924,14/04/2016,6799,4.4900,4.4900,0.0000,0.000,0.000,4.490,0.000,0,0,279,1161,1922
4702921684,14/04/2016,7860,6.3700,6.3700,0.0000,0.000,0.000,6.370,0.000,0,0,271,772,2984
5553957443,14/04/2016,17022,11.1200,11.1200,0.0000,4.000,2.450,4.670,0.000,61,41,256,693,2324
5577150313,14/04/2016,8596,6.4200,6.4200,0.0000,3.330,0.310,2.780,0.000,118,30,176,662,4022
6117666160,14/04/2016,0,0.0000,0.0000,0.0000,0.000,0.000,0.000,0.000,0,0,0,1440,1496
6290855005,14/04/2016,7671,5.8000,5.8000,0.0000,0.000,0.000,5.770,0.030,0,0,363,1077,2952
6775888955,14/04/2016,5162,3.7000,3.7000,0.0000,0.870,0.860,1.970,0.000,14,24,105,863,2507
6962181067,14/04/2016,1551,1.0300,1.0300,0.0000,0.000,0.000,1.030,0.000,0,0,86,862,1466
7007744171,14/04/2016,11179,8.2400,7.4800,3.2854,2.950,0.340,4.960,0.000,34,6,304,1096,2668
7086361926,14/04/2016,9123,6.1200,6.1200,0.0000,2.030,0.330,3.660,0.000,35,32,189,787,2734
8053475328,14/04/2016,20159,15.9700,15.9700,0.0000,12.340,0.210,3.360,0.000,119,5,193,1123,3411
8253242879,14/04/2016,5234,3.4600,3.4600,0.0000,1.930,0.990,0.540,0.000,29,16,33,1362,1705
8378563200,14/04/2016,13318,10.5600,10.5600,2.2531,5.620,1.030,3.910,0.000,123,21,174,699,4163
8583815059,14/04/2016,3135,2.4500,2.4500,0.0000,0.000,0.000,2.430,0.000,0,0,134,1306,2443
8792009665,14/04/2016,1219,0.7800,0.7800,0.0000,0.000,0.000,0.780,0.000,0,0,84,853,1963
8877689391,14/04/2016,21129,18.9800,18.9800,0.0000,10.550,0.590,7.750,0.020,68,13,298,1061,3793
1503960366,15/04/2016,9762,6.2800,6.2800,0.0000,2.140,1.260,2.830,0.000,29,34,209,726,1745
1624580081,15/04/2016,1510,0.9800,0.9800,0.0000,0.000,0.000,0.970,0.000,0,0,96,1344,1344
1644430081,15/04/2016,5263,3.8300,3.8300,0.0000,0.220,0.150,3.450,0.000,3,4,170,1263,2750
1844505072,15/04/2016,3844,2.5400,2.5400,0.0000,0.000,0.000,2.540,0.000,0,0,176,527,1725
1927972279,15/04/2016,980,0.6800,0.6800,0.0000,0.000,0.000,0.680,0.000,0,0,51,941,2221
2022484408,15/04/2016,11034,8.0300,8.0300,0.0000,1.940,0.310,5.780,0.000,27,9,282,1122,2525
2026352035,15/04/2016,3821,2.3700,2.3700,0.0000,0.000,0.000,2.370,0.000,0,0,188,687,1444
2320127002,15/04/2016,5205,3.5100,3.5100,0.0000,0.000,0.000,3.510,0.000,0,0,245,1195,1801
2347167796,15/04/2016,10465,6.9200,6.9200,0.0000,0.070,1.420,5.430,0.000,1,24,284,720,2133
2873212765,15/04/2016,8482,5.7000,5.7000,0.0000,0.000,0.000,5.690,0.010,0,0,448,992,2063
3372868164,15/04/2016,7451,5.0800,5.0800,0.0000,0.000,0.000,5.060,0.020,0,0,335,1105,1908
3977333714,15/04/2016,9010,6.0600,6.0600,0.0000,1.050,1.750,3.260,0.000,15,42,183,644,1468
4020332650,15/04/2016,1882,1.3500,1.3500,0.0000,0.210,0.360,0.770,0.000,36,18,87,1299,2951
4057192912,15/04/2016,3984,2.9500,2.9500,0.0000,0.210,0.260,2.440,0.000,3,6,88,873,1527
4319703577,15/04/2016,5664,3.8000,3.8000,0.0000,0.000,0.000,3.800,0.000,0,0,228,752,1985
4388161847,15/04/2016,8758,6.7300,6.7300,0.0000,0.000,0.000,6.730,0.000,0,0,299,837,3066
4445114986,15/04/2016,7198,4.8300,4.8300,0.0000,0.000,0.000,4.830,0.000,0,0,350,711,2496
4558609924,15/04/2016,7795,5.1500,5.1500,0.0000,0.590,0.840,3.730,0.000,17,30,262,1131,2121
4702921684,15/04/2016,6506,5.2800,5.2800,0.0000,0.070,0.420,4.790,0.000,1,8,256,944,2896
5553957443,15/04/2016,16556,10.8600,10.8600,0.0000,4.160,1.980,4.710,0.000,58,38,239,689,2254
5577150313,15/04/2016,12087,9.0800,9.0800,0.0000,3.920,1.600,3.560,0.000,115,54,199,695,4005
6117666160,15/04/2016,14019,10.5900,10.5900,0.0000,0.000,0.280,10.300,0.000,0,6,513,921,2865
6290855005,15/04/2016,9501,7.1800,7.1800,0.0000,0.000,0.000,7.170,0.010,0,0,328,1112,2896
6775888955,15/04/2016,1282,0.9200,0.9200,0.0000,0.000,0.000,0.920,0.000,0,0,58,976,2127
6962181067,15/04/2016,5563,3.6800,3.6800,0.0000,0.000,0.000,3.680,0.000,0,0,217,837,1756
7007744171,15/04/2016,5273,3.5300,3.5300,0.0000,0.000,0.000,3.530,0.000,0,0,202,1238,2098
7086361926,15/04/2016,8585,5.6700,5.6700,0.0000,2.040,1.110,2.530,0.000,30,21,139,864,2395
8053475328,15/04/2016,20669,16.2400,16.2400,0.0000,13.260,0.390,2.590,0.000,132,8,158,1142,3410
8253242879,15/04/2016,2672,1.7700,1.7700,0.0000,0.000,0.000,1.760,0.000,0,0,105,1335,1632
8378563200,15/04/2016,14461,11.4700,11.4700,0.0000,4.910,1.150,5.410,0.000,60,23,190,729,3666
8583815059,15/04/2016,3430,2.6800,2.6800,0.0000,0.000,0.000,0.900,0.000,0,0,65,1375,2505
8792009665,15/04/2016,2483,1.5900,1.5900,0.0000,0.000,0.000,1.590,0.000,0,0,126,937,2009
8877689391,15/04/2016,13422,7.1700,7.1700,0.0000,0.050,0.050,7.010,0.010,106,1,281,1052,3934
1503960366,16/04/2016,12669,8.1600,8.1600,0.0000,2.710,0.410,5.040,0.000,36,10,221,773,1863
1624580081,16/04/2016,5370,3.4900,3.4900,0.0000,0.000,0.000,3.490,0.000,0,0,176,1264,1463
1644430081,16/04/2016,15300,11.1200,11.1200,0.0000,4.100,1.880,5.090,0.000,51,42,212,1135,3493
1844505072,16/04/2016,3414,2.2600,2.2600,0.0000,0.000,0.000,2.260,0.000,0,0,147,1293,1657
1927972279,16/04/2016,0,0.0000,0.0000,0.0000,0.000,0.000,0.000,0.000,0,0,0,1440,2064
2022484408,16/04/2016,10100,7.0900,7.0900,0.0000,3.150,0.550,3.390,0.000,41,11,151,1237,2177
2026352035,16/04/2016,2547,1.5800,1.5800,0.0000,0.000,0.000,1.580,0.000,0,0,150,728,1373
2320127002,16/04/2016,5057,3.4100,3.4100,0.0000,0.000,0.000,3.400,0.000,0,0,195,1245,1724
2347167796,16/04/2016,22244,15.0800,15.0800,0.0000,5.450,4.100,5.530,0.000,66,72,268,968,2670
2873212765,16/04/2016,9685,6.6500,6.6500,0.0000,3.110,0.020,3.510,0.010,47,1,305,1087,2148
3372868164,16/04/2016,6905,4.7300,4.7300,0.0000,0.000,0.000,4.700,0.030,0,0,356,1084,1908
3977333714,16/04/2016,13459,9.0000,9.0000,0.0000,2.030,4.000,2.970,0.000,31,83,153,663,1625
4020332650,16/04/2016,1982,1.4200,1.4200,0.0000,0.450,0.370,0.590,0.000,65,21,55,1222,3051
4319703577,16/04/2016,4744,3.1800,3.1800,0.0000,0.000,0.000,3.180,0.000,0,0,194,724,1884
4388161847,16/04/2016,6580,5.0600,5.0600,0.0000,0.210,0.400,4.450,0.000,6,9,253,609,3073
4445114986,16/04/2016,3945,2.6500,2.6500,0.0000,0.000,0.000,2.650,0.000,0,0,225,716,2180
4558609924,16/04/2016,7289,4.8200,4.8200,0.0000,0.550,0.750,3.500,0.000,8,12,308,1112,1997
4702921684,16/04/2016,11140,9.0300,9.0300,0.0000,0.240,1.250,7.540,0.000,3,24,335,556,3328
5553957443,16/04/2016,5771,3.7700,3.7700,0.0000,0.000,0.000,3.770,0.000,0,0,288,521,1831
5577150313,16/04/2016,14269,10.6600,10.6600,0.0000,6.640,1.280,2.730,0.000,184,56,158,472,4274
6117666160,16/04/2016,14450,10.9100,10.9100,0.0000,0.580,0.850,9.480,0.000,7,15,518,502,2828
6290855005,16/04/2016,8301,6.2800,6.2800,0.0000,0.000,0.000,6.270,0.010,0,0,258,1182,2783
6775888955,16/04/2016,4732,3.3900,3.3900,0.0000,2.520,0.810,0.060,0.000,36,18,9,1377,2225
6962181067,16/04/2016,13217,8.7400,8.7400,0.0000,3.660,0.190,4.880,0.000,50,3,280,741,2173
7007744171,16/04/2016,4631,3.1000,3.1000,0.0000,0.000,0.000,3.100,0.000,0,0,203,1155,2076
7086361926,16/04/2016,31,0.0100,0.0100,0.0000,0.000,0.000,0.010,0.000,0,0,3,1437,1635
8053475328,16/04/2016,14549,11.1100,11.1100,0.0000,9.360,0.270,1.490,0.000,96,6,83,1255,2867
8253242879,16/04/2016,9256,6.1400,6.1400,0.0000,0.430,3.270,2.450,0.000,6,51,115,1268,1880
8378563200,16/04/2016,11207,8.8900,8.8900,0.0000,5.370,1.070,2.440,0.000,64,21,142,563,3363
8583815059,16/04/2016,5319,4.1500,4.1500,0.0000,0.000,0.000,0.000,0.000,0,0,0,1440,2693
8792009665,16/04/2016,244,0.1600,0.1600,0.0000,0.000,0.000,0.160,0.000,0,0,12,1428,1721
8877689391,16/04/2016,29326,25.2900,25.2900,0.0000,13.240,1.210,10.710,0.000,94,29,429,888,4547
1503960366,17/04/2016,9705,6.4800,6.4800,0.0000,3.190,0.780,2.510,0.000,38,20,164,539,1728
1624580081,17/04/2016,6175,4.0600,4.0600,0.0000,1.030,1.520,1.490,0.010,15,22,127,1276,1554
1644430081,17/04/2016,8757,6.3700,6.3700,0.0000,2.250,0.570,3.550,0.000,29,13,186,1212,3011
1844505072,17/04/2016,4525,2.9900,2.9900,0.0000,0.140,0.260,2.590,0.000,2,8,199,1231,1793
1927972279,17/04/2016,0,0.0000,0.0000,0.0000,0.000,0.000,0.000,0.000,0,0,0,1440,2063
2022484408,17/04/2016,15112,11.4000,11.4000,0.0000,3.870,0.660,6.880,0.000,28,29,331,1052,2782
2026352035,17/04/2016,838,0.5200,0.5200,0.0000,0.000,0.000,0.520,0.000,0,0,60,1053,1214
2320127002,17/04/2016,6198,4.1800,4.1800,0.0000,0.000,0.000,4.180,0.000,0,0,249,1191,1852
2347167796,17/04/2016,5472,3.6200,3.6200,0.0000,0.080,0.280,3.260,0.000,1,7,249,508,1882
2873212765,17/04/2016,2524,1.7000,1.7000,0.0000,0.000,0.350,1.340,0.000,0,8,160,1272,1529
3372868164,17/04/2016,8199,5.8800,5.8800,0.0000,1.410,0.100,4.360,0.010,11,2,322,1105,1964
3977333714,17/04/2016,10415,6.9700,6.9700,0.0000,0.700,2.350,3.920,0.000,11,58,205,600,1529
4020332650,17/04/2016,16,0.0100,0.0100,0.0000,0.000,0.000,0.010,0.000,0,0,2,1438,1990
4319703577,17/04/2016,29,0.0200,0.0200,0.0000,0.000,0.000,0.020,0.000,0,0,3,1363,1464
4388161847,17/04/2016,4660,3.5800,3.5800,0.0000,0.000,0.000,3.580,0.000,0,0,201,721,2572
4445114986,17/04/2016,2268,1.5200,1.5200,0.0000,0.000,0.000,1.520,0.000,0,0,114,1219,1933
4558609924,17/04/2016,9634,6.4000,6.4000,0.0000,0.550,1.140,4.710,0.000,7,19,304,1110,2117
4702921684,17/04/2016,12692,10.2900,10.2900,0.0000,0.960,3.460,5.880,0.000,12,66,302,437,3394
5553957443,17/04/2016,655,0.4300,0.4300,0.0000,0.000,0.000,0.430,0.000,0,0,46,943,1397
5577150313,17/04/2016,12231,9.1400,9.1400,0.0000,5.980,0.830,2.320,0.000,200,37,159,525,4552
6117666160,17/04/2016,7150,5.4000,5.4000,0.0000,0.000,0.000,5.400,0.000,0,0,312,702,2225
6290855005,17/04/2016,7851,5.9400,5.9400,0.0000,1.140,0.790,4.000,0.000,31,12,225,1172,3171
6775888955,17/04/2016,2497,1.7900,1.7900,0.0000,0.350,1.130,0.310,0.000,5,24,19,1392,2067
6962181067,17/04/2016,10145,6.7100,6.7100,0.0000,0.330,0.680,5.690,0.000,5,13,295,634,2027
7007744171,17/04/2016,8059,5.3900,5.3900,0.0000,0.000,0.000,5.390,0.000,0,0,305,1135,2383
7086361926,17/04/2016,0,0.0000,0.0000,0.0000,0.000,0.000,0.000,0.000,0,0,0,1440,1629
8053475328,17/04/2016,18827,13.6900,13.6900,0.0000,9.240,0.800,3.640,0.000,111,21,195,1113,3213
8253242879,17/04/2016,10204,7.9100,7.9100,0.0000,5.430,0.150,2.330,0.000,41,5,157,1237,2112
8378563200,17/04/2016,2132,1.6900,1.6900,0.0000,0.000,0.000,1.690,0.000,0,0,93,599,2572
8583815059,17/04/2016,3008,2.3500,2.3500,0.0000,0.000,0.000,0.000,0.000,0,0,0,1440,2439
8792009665,17/04/2016,0,0.0000,0.0000,0.0000,0.000,0.000,0.000,0.000,0,0,0,1440,1688
8877689391,17/04/2016,15118,8.8700,8.8700,0.0000,0.000,0.070,8.790,0.000,58,15,307,1060,3545
1503960366,18/04/2016,13019,8.5900,8.5900,0.0000,3.250,0.640,4.710,0.000,42,16,233,1149,1921
1624580081,18/04/2016,10536,7.4100,7.4100,0.0000,2.150,0.620,4.620,0.010,17,7,202,1214,1604
1644430081,18/04/2016,7132,5.1900,5.1900,0.0000,1.070,1.670,2.450,0.000,15,33,121,1271,2806
1844505072,18/04/2016,4597,3.0400,3.0400,0.0000,0.000,0.480,2.560,0.000,0,12,217,1211,1814
1927972279,18/04/2016,244,0.1700,0.1700,0.0000,0.000,0.000,0.170,0.000,0,0,17,1423,2111
2022484408,18/04/2016,14131,10.0700,10.0700,0.0000,3.640,0.120,6.300,0.000,48,3,311,1078,2770
2026352035,18/04/2016,3325,2.0600,2.0600,0.0000,0.000,0.000,2.060,0.000,0,0,182,1062,1419
2320127002,18/04/2016,6559,4.4200,4.4200,0.0000,0.000,0.260,4.140,0.000,0,7,260,1173,1905
2347167796,18/04/2016,8247,5.4500,5.4500,0.0000,0.790,0.860,3.790,0.000,11,16,206,678,1944
2873212765,18/04/2016,7762,5.2400,5.2400,0.0000,0.070,0.280,4.890,0.000,1,6,311,1122,1890
3372868164,18/04/2016,6798,4.6400,4.6400,0.0000,1.080,0.200,3.350,0.000,20,7,343,1070,2014
3977333714,18/04/2016,11663,7.8000,7.8000,0.0000,0.250,3.730,3.820,0.000,4,95,214,605,1584
4020332650,18/04/2016,62,0.0400,0.0400,0.0000,0.000,0.000,0.040,0.000,0,0,2,1438,1995
4319703577,18/04/2016,2276,1.5500,1.5500,0.0000,0.070,0.330,1.120,0.000,1,9,58,824,1632
4388161847,18/04/2016,11009,9.1000,9.1000,0.0000,3.560,0.400,5.140,0.000,27,8,239,1017,3274
4445114986,18/04/2016,6155,4.2400,4.2400,0.0000,2.000,0.290,1.950,0.000,25,6,162,1247,2248
4558609924,18/04/2016,8940,5.9100,5.9100,0.0000,0.980,0.930,4.000,0.000,14,15,331,1080,2116
4702921684,18/04/2016,9105,7.3800,7.3800,0.0000,1.820,1.490,4.070,0.000,22,30,191,890,3013
5553957443,18/04/2016,3727,2.4300,2.4300,0.0000,0.000,0.000,2.430,0.000,0,0,206,622,1683
5577150313,18/04/2016,9893,7.3900,7.3900,0.0000,4.860,0.720,1.820,0.000,114,32,130,623,3625
6117666160,18/04/2016,5153,3.9100,3.9100,0.0000,0.000,0.000,3.890,0.000,0,0,241,759,2018
6290855005,18/04/2016,6885,5.2100,5.2100,0.0000,0.000,0.000,5.190,0.020,0,0,271,1169,2766
6775888955,18/04/2016,8294,5.9500,5.9500,0.0000,2.000,0.770,3.170,0.000,30,31,146,1233,2798
6962181067,18/04/2016,11404,7.5400,7.5400,0.0000,0.830,2.390,4.320,0.000,13,42,238,689,2039
7007744171,18/04/2016,14816,10.9800,9.9100,4.9306,3.790,2.120,5.050,0.020,48,31,284,1077,2832
7086361926,18/04/2016,9827,6.7100,6.7100,0.0000,3.170,1.220,2.310,0.000,61,51,114,1136,2743
8053475328,18/04/2016,17076,12.6600,12.6600,0.0000,9.080,0.230,3.350,0.000,102,6,195,1137,3133
8253242879,18/04/2016,5151,3.4800,3.4800,0.0000,1.040,0.630,1.800,0.000,16,16,130,1278,1829
8378563200,18/04/2016,13630,10.8100,10.8100,2.0921,5.050,0.560,5.200,0.000,117,10,174,720,4157
8583815059,18/04/2016,3864,3.0100,3.0100,0.0000,0.310,1.060,1.350,0.000,4,22,105,1309,2536
8792009665,18/04/2016,0,0.0000,0.0000,0.0000,0.000,0.000,0.000,0.000,0,0,0,1440,1688
8877689391,18/04/2016,11423,8.6700,8.6700,0.0000,2.440,0.270,5.940,0.000,29,5,191,1215,2761
1503960366,19/04/2016,15506,9.8800,9.8800,0.0000,3.530,1.320,5.030,0.000,50,31,264,775,2035
1624580081,19/04/2016,2916,1.9000,1.9000,0.0000,0.000,0.000,1.900,0.000,0,0,141,1299,1435
1644430081,19/04/2016,11256,8.1800,8.1800,0.0000,0.360,2.530,5.300,0.000,5,58,278,1099,3300
1844505072,19/04/2016,197,0.1300,0.1300,0.0000,0.000,0.000,0.130,0.000,0,0,10,1430,1366
1927972279,19/04/2016,0,0.0000,0.0000,0.0000,0.000,0.000,0.000,0.000,0,0,0,1440,2063
2022484408,19/04/2016,11548,8.5300,8.5300,0.0000,3.290,0.240,5.000,0.000,31,7,250,1152,2489
2026352035,19/04/2016,2424,1.5000,1.5000,0.0000,0.000,0.000,1.500,0.000,0,0,141,785,1356
2320127002,19/04/2016,5997,4.0400,4.0400,0.0000,0.000,0.380,3.660,0.000,0,11,228,1201,1811
2347167796,19/04/2016,6711,4.4400,4.4400,0.0000,0.000,0.000,4.440,0.000,0,7,382,648,2346
2873212765,19/04/2016,7948,5.3700,5.3700,0.0000,0.000,0.000,5.360,0.000,0,0,389,1051,1956
3372868164,19/04/2016,7711,5.2600,5.2600,0.0000,0.000,0.000,5.240,0.020,0,0,376,1064,1985
3977333714,19/04/2016,12414,8.7800,8.7800,0.0000,2.240,2.450,3.960,0.000,19,67,221,738,1638
4020332650,19/04/2016,0,0.0000,0.0000,0.0000,0.000,0.000,0.000,0.000,0,0,0,1440,1980
4319703577,19/04/2016,8925,5.9900,5.9900,0.0000,0.000,0.000,5.990,0.000,0,0,311,604,2200
4388161847,19/04/2016,10181,7.8300,7.8300,0.0000,1.370,0.690,5.770,0.000,20,16,249,704,3015
4445114986,19/04/2016,2064,1.3900,1.3900,0.0000,0.000,0.000,1.390,0.000,0,0,121,895,1954
4558609924,19/04/2016,5401,3.5700,3.5700,0.0000,0.050,0.360,3.160,0.000,1,9,248,1182,1876
4702921684,19/04/2016,6708,5.4400,5.4400,0.0000,0.880,0.370,4.190,0.000,10,8,179,757,2812
5553957443,19/04/2016,15482,10.1100,10.1100,0.0000,4.280,1.660,4.180,0.000,69,28,249,756,2284
5577150313,19/04/2016,12574,9.4200,9.4200,0.0000,7.020,0.640,1.760,0.000,108,23,111,733,3501
6117666160,19/04/2016,11135,8.4100,8.4100,0.0000,0.000,0.000,8.410,0.000,0,0,480,425,2606
6290855005,19/04/2016,7142,5.4000,5.4000,0.0000,0.000,0.000,5.390,0.010,0,0,321,1119,2839
6775888955,19/04/2016,0,0.0000,0.0000,0.0000,0.000,0.000,0.000,0.000,0,0,0,1440,1841
6962181067,19/04/2016,10742,7.1000,7.1000,0.0000,2.100,2.130,2.870,0.000,35,41,195,659,2046
7007744171,19/04/2016,14194,10.4800,9.5000,4.9421,4.410,0.760,5.310,0.000,53,17,304,1066,2812
7086361926,19/04/2016,10688,7.2900,7.2900,0.0000,3.530,1.230,2.510,0.000,67,69,124,671,2944
8053475328,19/04/2016,15929,12.4800,12.4800,0.0000,9.220,0.310,2.950,0.000,90,7,191,1152,3114
8253242879,19/04/2016,4212,2.7800,2.7800,0.0000,0.000,0.000,2.780,0.000,0,0,164,1276,1763
8378563200,19/04/2016,13070,10.3600,10.3600,2.2531,5.300,0.880,4.180,0.000,120,19,154,737,4092
8583815059,19/04/2016,5697,4.4400,4.4400,0.0000,0.530,0.480,3.440,0.000,7,10,166,1257,2668
8792009665,19/04/2016,0,0.0000,0.0000,0.0000,0.000,0.000,0.000,0.000,0,0,0,1440,1688
8877689391,19/04/2016,18785,17.4000,17.4000,0.0000,12.150,0.180,5.030,0.000,82,13,214,1131,3676
1503960366,20/04/2016,10544,6.6800,6.6800,0.0000,1.960,0.480,4.240,0.000,28,12,205,818,1786
1624580081,20/04/2016,4974,3.2300,3.2300,0.0000,0.000,0.000,3.230,0.000,0,0,151,1289,1446
1644430081,20/04/2016,2436,1.7700,1.7700,0.0000,0.000,0.000,1.760,0.010,0,0,125,1315,2430
1844505072,20/04/2016,8,0.0100,0.0100,0.0000,0.000,0.000,0.010,0.000,0,0,1,1439,1349
1927972279,20/04/2016,0,0.0000,0.0000,0.0000,0.000,0.000,0.000,0.000,0,0,0,1440,2063
2022484408,20/04/2016,15112,10.6700,10.6700,0.0000,3.340,1.930,5.400,0.000,48,63,276,1053,2897
2026352035,20/04/2016,7222,4.4800,4.4800,0.0000,0.000,0.000,4.480,0.000,0,0,327,623,1667
2320127002,20/04/2016,7192,4.8500,4.8500,0.0000,0.000,0.490,4.340,0.000,0,11,283,1146,1922
2347167796,20/04/2016,10999,7.2700,7.2700,0.0000,0.680,1.810,4.780,0.000,11,43,269,1011,2198
2873212765,20/04/2016,9202,6.3000,6.3000,0.0000,1.510,0.120,4.660,0.010,22,5,378,1035,2094
3372868164,20/04/2016,4880,3.3300,3.3300,0.0000,0.840,0.090,2.380,0.020,15,3,274,1148,1867
3977333714,20/04/2016,11658,7.8300,7.8300,0.0000,0.200,4.350,3.280,0.000,2,98,164,845,1554
4020332650,20/04/2016,0,0.0000,0.0000,0.0000,0.000,0.000,0.000,0.000,0,0,0,1440,1980
4319703577,20/04/2016,8954,6.0100,6.0100,0.0000,0.000,0.680,5.310,0.000,0,18,306,671,2220
4388161847,20/04/2016,10553,8.1200,8.1200,0.0000,1.100,1.720,5.290,0.000,19,42,228,696,3083
4445114986,20/04/2016,2072,1.3900,1.3900,0.0000,0.000,0.000,1.390,0.000,0,0,137,841,1974
4558609924,20/04/2016,4803,3.1700,3.1700,0.0000,0.000,0.000,3.170,0.000,0,0,222,1218,1788
4702921684,20/04/2016,8793,7.1300,7.1300,0.0000,0.160,1.230,5.730,0.000,2,29,260,717,3061
5553957443,20/04/2016,2713,1.7700,1.7700,0.0000,0.000,0.000,1.770,0.000,0,0,148,598,1570
5577150313,20/04/2016,8330,6.2200,6.2200,0.0000,4.120,0.340,1.760,0.000,87,16,113,773,3192
6117666160,20/04/2016,10449,8.0200,8.0200,0.0000,2.030,0.480,5.520,0.000,26,10,349,587,2536
6290855005,20/04/2016,6361,4.8100,4.8100,0.0000,0.000,0.000,4.800,0.010,0,0,258,1182,2701
6775888955,20/04/2016,10771,7.7200,7.7200,0.0000,3.770,1.740,2.220,0.000,70,113,178,1079,3727
6962181067,20/04/2016,13928,9.5500,9.5500,0.0000,4.280,0.190,5.090,0.000,48,4,297,639,2174
7007744171,20/04/2016,15566,11.3100,10.4100,4.9248,4.790,0.670,5.860,0.000,60,33,347,1000,3096
7086361926,20/04/2016,14365,10.6400,10.6400,0.0000,7.640,0.450,2.540,0.000,87,13,145,797,2997
8053475328,20/04/2016,15108,12.1900,12.1900,0.0000,9.580,0.230,2.380,0.000,89,5,158,695,3043
8253242879,20/04/2016,6466,4.2700,4.2700,0.0000,0.330,0.820,3.110,0.010,5,18,216,1201,1931
8378563200,20/04/2016,9388,7.4400,7.4400,2.0921,2.230,0.440,4.780,0.000,82,8,169,763,3787
8583815059,20/04/2016,5273,4.1100,4.1100,0.0000,0.000,1.040,3.070,0.000,0,27,167,1246,2647
8792009665,20/04/2016,3147,2.0100,2.0100,0.0000,0.000,0.280,1.740,0.000,0,10,139,744,2188
8877689391,20/04/2016,19948,18.1100,18.1100,0.0000,11.020,0.690,6.340,0.000,73,19,225,1123,3679
1503960366,21/04/2016,9819,6.3400,6.3400,0.0000,1.340,0.350,4.650,0.000,19,8,211,838,1775
1624580081,21/04/2016,6349,4.1300,4.1300,0.0000,0.000,0.000,4.110,0.020,0,0,186,1254,1467
1644430081,21/04/2016,1223,0.8900,0.8900,0.0000,0.000,0.000,0.880,0.010,0,0,38,1402,2140
1844505072,21/04/2016,8054,5.3200,5.3200,0.0000,0.120,0.520,4.680,0.000,2,13,308,1117,2062
1927972279,21/04/2016,0,0.0000,0.0000,0.0000,0.000,0.000,0.000,0.000,0,0,0,1440,2064
2022484408,21/04/2016,12453,8.7400,8.7400,0.0000,3.330,1.110,4.310,0.000,104,53,255,1028,3158
2026352035,21/04/2016,2467,1.5300,1.5300,0.0000,0.000,0.000,1.530,0.000,0,0,153,749,1370
2320127002,21/04/2016,3404,2.2900,2.2900,0.0000,0.060,0.420,1.810,0.000,1,10,127,1302,1610
2347167796,21/04/2016,10080,6.7500,6.7500,0.0000,1.850,1.530,3.380,0.000,23,26,208,761,2048
2873212765,21/04/2016,8859,5.9800,5.9800,0.0000,0.130,0.370,5.470,0.010,2,10,371,1057,1970
3372868164,21/04/2016,8857,6.0700,6.0700,0.0000,1.150,0.260,4.640,0.010,18,9,376,1037,2124
3977333714,21/04/2016,6093,4.0800,4.0800,0.0000,0.000,0.000,4.060,0.000,0,0,242,712,1397
4020332650,21/04/2016,0,0.0000,0.0000,0.0000,0.000,0.000,0.000,0.000,0,0,0,1440,1980
4319703577,21/04/2016,3702,2.4800,2.4800,0.0000,0.000,0.000,0.350,0.000,0,0,34,1265,1792
4388161847,21/04/2016,10055,7.7300,7.7300,0.0000,0.370,0.390,6.980,0.000,7,12,272,853,3069
4445114986,21/04/2016,3809,2.5600,2.5600,0.0000,0.000,0.000,2.540,0.000,0,0,215,756,2150
4558609924,21/04/2016,13743,9.0800,9.0800,0.0000,0.420,0.970,7.700,0.000,6,21,432,844,2486
4702921684,21/04/2016,6530,5.3000,5.3000,0.0000,0.310,2.050,2.940,0.000,4,41,144,901,2729
5553957443,21/04/2016,12346,8.0600,8.0600,0.0000,2.950,2.160,2.960,0.000,47,42,177,801,2066
5577150313,21/04/2016,10830,8.0900,8.0900,0.0000,3.650,1.660,2.780,0.000,110,74,175,670,4018
6117666160,21/04/2016,19542,15.0100,15.0100,0.0000,0.980,0.400,5.620,0.000,11,19,294,579,4900
6290855005,21/04/2016,0,0.0000,0.0000,0.0000,0.000,0.000,0.000,0.000,0,0,0,1440,2060
6775888955,21/04/2016,0,0.0000,0.0000,0.0000,0.000,0.000,0.000,0.000,0,0,0,1440,1841
6962181067,21/04/2016,11835,9.7100,7.8800,4.0817,3.990,2.100,3.510,0.110,53,27,214,708,2179
7007744171,21/04/2016,13744,9.1900,9.1900,0.0000,2.150,1.870,5.170,0.000,30,34,327,1049,2763
7086361926,21/04/2016,9469,6.1800,6.1800,0.0000,1.360,0.300,4.510,0.000,19,6,206,758,2463
8053475328,21/04/2016,16057,12.5100,12.5100,0.0000,9.670,0.250,2.580,0.000,100,6,170,1164,3103
8253242879,21/04/2016,11268,8.5600,8.5600,0.0000,5.880,0.930,1.750,0.000,49,20,172,1199,2218
8378563200,21/04/2016,15148,12.0100,12.0100,2.2531,6.900,0.820,4.290,0.000,137,16,145,677,4236
8583815059,21/04/2016,8538,6.6600,6.6600,0.0000,2.630,1.020,3.010,0.000,35,18,158,1229,2883
8792009665,21/04/2016,144,0.0900,0.0900,0.0000,0.000,0.000,0.090,0.000,0,0,9,1431,1720
8877689391,21/04/2016,19377,17.6200,17.6200,0.0000,12.290,0.420,4.890,0.000,82,13,226,1119,3659
1503960366,22/04/2016,12764,8.1300,8.1300,0.0000,4.760,1.120,2.240,0.000,66,27,130,1217,1827
1624580081,22/04/2016,4026,2.6200,2.6200,0.0000,0.000,0.000,2.600,0.000,0,0,199,1241,1470
1644430081,22/04/2016,3673,2.6700,2.6700,0.0000,0.000,0.000,2.660,0.010,0,0,86,1354,2344
1844505072,22/04/2016,5372,3.5500,3.5500,0.0000,0.000,0.000,3.550,0.000,0,0,220,1220,1827
1927972279,22/04/2016,149,0.1000,0.1000,0.0000,0.000,0.000,0.100,0.000,0,0,10,1430,2093
2022484408,22/04/2016,12954,9.3300,9.3300,0.0000,4.430,0.420,4.470,0.000,52,10,273,1105,2638
2026352035,22/04/2016,2915,1.8100,1.8100,0.0000,0.000,0.000,1.810,0.000,0,0,162,712,1399
2320127002,22/04/2016,5583,3.7600,3.7600,0.0000,0.000,0.000,3.760,0.000,0,0,266,1174,1851
2347167796,22/04/2016,7804,5.1600,5.1600,0.0000,0.560,1.680,2.920,0.000,9,27,206,781,1946
2873212765,22/04/2016,7286,4.9000,4.9000,0.0000,0.460,0.000,4.420,0.020,46,0,366,1028,2241
3372868164,22/04/2016,3843,2.6200,2.6200,0.0000,0.000,0.000,2.610,0.010,0,0,206,1234,1669
3977333714,22/04/2016,8911,5.9600,5.9600,0.0000,2.330,0.580,3.060,0.000,33,12,188,731,1481
4020332650,22/04/2016,0,0.0000,0.0000,0.0000,0.000,0.000,0.000,0.000,0,0,0,1440,1980
4319703577,22/04/2016,4500,3.0200,3.0200,0.0000,0.060,0.810,2.150,0.000,1,19,176,709,1886
4388161847,22/04/2016,12139,9.3400,9.3400,0.0000,3.300,1.110,4.920,0.000,77,25,220,945,3544
4445114986,22/04/2016,6831,4.5800,4.5800,0.0000,0.000,0.000,4.580,0.000,0,0,317,706,2432
4558609924,22/04/2016,9601,6.3500,6.3500,0.0000,1.370,1.500,3.470,0.000,20,25,273,1122,2094
4702921684,22/04/2016,1664,1.3500,1.3500,0.0000,0.000,0.000,1.350,0.000,0,0,72,1341,2241
5553957443,22/04/2016,11682,7.6300,7.6300,0.0000,1.380,0.630,5.600,0.000,25,16,270,781,2105
5577150313,22/04/2016,9172,6.8500,6.8500,0.0000,2.420,0.790,3.300,0.000,62,30,200,823,3329
6117666160,22/04/2016,8206,6.2000,6.2000,0.0000,0.000,0.000,6.200,0.000,0,0,402,413,2409
6290855005,22/04/2016,6238,4.7200,4.7200,0.0000,0.000,0.000,4.720,0.000,0,0,302,1138,2796
6775888955,22/04/2016,637,0.4600,0.4600,0.0000,0.000,0.000,0.460,0.000,0,0,20,1420,1922
6962181067,22/04/2016,10725,7.0900,7.0900,0.0000,1.770,1.550,3.770,0.000,30,33,240,659,2086
7007744171,22/04/2016,15299,10.2400,10.2400,0.0000,4.100,1.760,4.370,0.000,64,50,261,1065,2889
7086361926,22/04/2016,9753,6.5300,6.5300,0.0000,2.870,0.970,2.670,0.000,58,59,153,762,2846
8053475328,22/04/2016,10520,8.2900,8.2900,0.0000,6.260,0.150,1.880,0.000,60,3,117,1260,2655
8253242879,22/04/2016,2824,1.8700,1.8700,0.0000,0.000,0.000,1.870,0.000,0,0,120,1320,1651
8378563200,22/04/2016,12200,9.6700,9.6700,2.0921,4.910,0.590,4.180,0.000,113,12,159,769,4044
8583815059,22/04/2016,8687,6.7800,6.7800,0.0000,0.290,2.410,4.080,0.000,4,54,212,1170,2944
8792009665,22/04/2016,4068,2.6000,2.6000,0.0000,0.050,0.280,2.270,0.000,1,20,195,817,2419
8877689391,22/04/2016,18258,16.3100,16.3100,0.0000,10.230,0.030,5.970,0.050,61,2,236,1141,3427
1503960366,23/04/2016,14371,9.0400,9.0400,0.0000,2.810,0.870,5.360,0.000,41,21,262,732,1949
1624580081,23/04/2016,8538,5.5500,5.5500,0.0000,0.000,0.000,5.540,0.010,0,0,227,1213,1562
1644430081,23/04/2016,6637,4.8300,4.8300,0.0000,0.000,0.580,4.250,0.000,0,15,160,1265,2677
1844505072,23/04/2016,3570,2.3600,2.3600,0.0000,0.000,0.000,2.360,0.000,0,0,139,1301,1645
1927972279,23/04/2016,2945,2.0400,2.0400,0.0000,0.000,0.000,2.040,0.000,0,0,145,1295,2499
2022484408,23/04/2016,6001,4.2100,4.2100,0.0000,0.000,0.000,4.210,0.000,0,0,249,1191,2069
2026352035,23/04/2016,12357,7.7100,7.7100,0.0000,0.000,0.000,7.710,0.000,0,0,432,458,1916
2320127002,23/04/2016,5079,3.4200,3.4200,0.0000,0.000,0.000,3.420,0.000,0,0,242,1129,1804
2347167796,23/04/2016,16901,11.3700,11.3700,0.0000,2.780,1.450,7.150,0.000,32,35,360,591,2629
2873212765,23/04/2016,9317,6.3500,6.3500,0.0000,2.090,0.230,4.020,0.010,28,5,330,1077,2021
3372868164,23/04/2016,7396,5.0700,5.0700,0.0000,1.400,0.080,3.580,0.000,20,2,303,1115,1995
3977333714,23/04/2016,12058,8.0700,8.0700,0.0000,0.000,4.220,3.850,0.000,0,92,252,724,1638
4020332650,23/04/2016,0,0.0000,0.0000,0.0000,0.000,0.000,0.000,0.000,0,0,0,1440,1980
4319703577,23/04/2016,4935,3.3100,3.3100,0.0000,0.000,0.000,3.310,0.000,0,0,233,546,1945
4388161847,23/04/2016,13236,10.1800,10.1800,0.0000,4.500,0.320,5.350,0.000,58,5,215,749,3306
4445114986,23/04/2016,4363,2.9300,2.9300,0.0000,0.000,0.000,2.930,0.000,0,0,201,1239,2149
4558609924,23/04/2016,6890,4.5500,4.5500,0.0000,0.340,0.200,4.010,0.000,5,5,308,1122,2085
4702921684,23/04/2016,15126,12.2700,12.2700,0.0000,0.760,3.240,8.270,0.000,9,66,408,469,3691
5553957443,23/04/2016,4112,2.6900,2.6900,0.0000,0.000,0.000,2.680,0.000,0,0,272,443,1776
5577150313,23/04/2016,7638,5.7100,5.7100,0.0000,1.210,0.360,4.140,0.000,24,24,223,627,3152
6117666160,23/04/2016,11495,8.6800,8.6800,0.0000,0.000,0.000,8.680,0.000,0,0,512,468,2651
6290855005,23/04/2016,0,0.0000,0.0000,0.0000,0.000,0.000,0.000,0.000,33,0,0,1407,2664
6775888955,23/04/2016,0,0.0000,0.0000,0.0000,0.000,0.000,0.000,0.000,0,0,0,1440,1841
6962181067,23/04/2016,20031,13.2400,13.2400,0.0000,4.200,2.000,7.040,0.000,58,41,347,484,2571
7007744171,23/04/2016,8093,5.4100,5.4100,0.0000,0.130,1.130,4.150,0.000,2,25,223,1190,2284
7086361926,23/04/2016,2817,1.8100,1.8100,0.0000,0.000,0.000,1.800,0.000,0,0,90,1350,1965
8053475328,23/04/2016,22359,17.1900,17.1900,0.0000,12.540,0.630,4.020,0.000,125,14,223,741,3554
8253242879,23/04/2016,9282,6.2600,6.2600,0.0000,2.090,1.040,3.130,0.000,30,26,191,1193,2132
8378563200,23/04/2016,5709,4.5300,4.5300,0.0000,1.520,0.520,2.480,0.000,19,10,136,740,2908
8583815059,23/04/2016,9423,7.3500,7.3500,0.0000,0.530,2.030,4.750,0.000,7,44,238,1151,3012
8792009665,23/04/2016,5245,3.3600,3.3600,0.0000,0.160,0.440,2.750,0.000,8,45,232,795,2748
8877689391,23/04/2016,11200,7.4300,7.4300,0.0000,0.000,0.000,7.400,0.010,102,6,300,1032,3891
1503960366,24/04/2016,10039,6.4100,6.4100,0.0000,2.920,0.210,3.280,0.000,39,5,238,709,1788
1624580081,24/04/2016,6076,3.9500,3.9500,0.0000,1.150,0.910,1.890,0.000,16,18,185,1221,1617
1644430081,24/04/2016,3321,2.4100,2.4100,0.0000,0.000,0.000,2.410,0.000,0,0,89,1351,2413
1844505072,24/04/2016,0,0.0000,0.0000,0.0000,0.000,0.000,0.000,0.000,0,0,0,1440,1347
1927972279,24/04/2016,2090,1.4500,1.4500,0.0000,0.070,0.240,1.140,0.000,1,6,75,1358,2324
2022484408,24/04/2016,13481,10.2800,10.2800,0.0000,4.550,1.150,4.580,0.000,37,26,216,1161,2529
2026352035,24/04/2016,3490,2.1600,2.1600,0.0000,0.000,0.000,2.160,0.000,0,0,164,704,1401
2320127002,24/04/2016,4165,2.8100,2.8100,0.0000,0.000,0.000,2.800,0.000,0,0,204,1236,1725
2347167796,24/04/2016,9471,6.2600,6.2600,0.0000,0.000,0.000,6.260,0.000,0,0,360,584,2187
2873212765,24/04/2016,6873,4.6800,4.6800,0.0000,3.000,0.060,1.620,0.000,46,1,190,1203,1898
3372868164,24/04/2016,6731,4.5900,4.5900,0.0000,0.890,0.190,3.490,0.020,14,7,292,1127,1921
3977333714,24/04/2016,14112,10.0000,10.0000,0.0000,3.270,4.560,2.170,0.000,30,95,129,660,1655
4020332650,24/04/2016,0,0.0000,0.0000,0.0000,0.000,0.000,0.000,0.000,0,0,0,1440,1980
4319703577,24/04/2016,4081,2.7400,2.7400,0.0000,0.060,0.200,2.470,0.000,1,5,191,692,1880
4388161847,24/04/2016,10243,7.8800,7.8800,0.0000,1.080,0.510,6.300,0.000,14,8,239,584,2885
4445114986,24/04/2016,5002,3.3600,3.3600,0.0000,0.000,0.000,3.360,0.000,0,0,244,1196,2247
4558609924,24/04/2016,8563,5.6600,5.6600,0.0000,0.000,0.000,5.650,0.000,0,0,395,1045,2173
4702921684,24/04/2016,15050,12.2200,12.2200,0.0000,1.200,5.120,5.880,0.000,15,95,281,542,3538
5553957443,24/04/2016,1807,1.1800,1.1800,0.0000,0.000,0.000,1.180,0.000,0,0,104,582,1507
5577150313,24/04/2016,15764,11.7800,11.7800,0.0000,7.650,2.150,1.980,0.000,210,65,141,425,4392
6117666160,24/04/2016,7623,5.7600,5.7600,0.0000,0.000,0.000,5.760,0.000,0,0,362,711,2305
6290855005,24/04/2016,5896,4.4600,4.4600,0.0000,0.000,0.000,4.460,0.000,0,0,258,1182,2703
6775888955,24/04/2016,2153,1.5400,1.5400,0.0000,0.770,0.620,0.150,0.000,11,18,11,1400,2053
6962181067,24/04/2016,5029,3.3200,3.3200,0.0000,0.000,0.000,3.320,0.000,0,0,199,720,1705
7007744171,24/04/2016,11085,7.4200,7.4200,0.0000,0.000,0.000,7.420,0.000,0,0,419,1021,2667
7086361926,24/04/2016,3520,2.1600,2.1600,0.0000,0.000,0.000,2.150,0.000,0,0,125,566,2049
8053475328,24/04/2016,22988,17.9500,17.9500,0.0000,13.130,1.550,3.260,0.000,129,33,182,1096,3577
8253242879,24/04/2016,8905,7.1300,7.1300,0.0000,5.600,0.190,1.340,0.000,41,4,82,1313,1976
8378563200,24/04/2016,3703,2.9400,2.9400,0.0000,0.000,0.000,2.940,0.000,0,0,135,734,2741
8583815059,24/04/2016,8286,6.4600,6.4600,0.0000,0.150,2.050,4.270,0.000,2,44,206,1188,2889
8792009665,24/04/2016,400,0.2600,0.2600,0.0000,0.040,0.050,0.160,0.000,3,8,19,1410,1799
8877689391,24/04/2016,16674,15.7400,15.7400,0.0000,11.010,0.010,4.690,0.000,64,1,227,1148,3455
1503960366,25/04/2016,15355,9.8000,9.8000,0.0000,5.290,0.570,3.940,0.000,73,14,216,814,2013
1624580081,25/04/2016,6497,4.2200,4.2200,0.0000,0.000,0.000,4.200,0.020,0,0,202,1238,1492
1644430081,25/04/2016,3580,2.6000,2.6000,0.0000,0.590,0.060,1.950,0.000,8,1,94,1337,2497
1844505072,25/04/2016,0,0.0000,0.0000,0.0000,0.000,0.000,0.000,0.000,0,0,0,1440,1347
1927972279,25/04/2016,152,0.1100,0.1100,0.0000,0.000,0.000,0.110,0.000,0,0,12,1303,2100
2022484408,25/04/2016,11369,8.0100,8.0100,0.0000,3.330,0.220,4.460,0.000,44,8,217,1171,2470
2026352035,25/04/2016,6017,3.7300,3.7300,0.0000,0.000,0.000,3.730,0.000,0,0,260,821,1576
2320127002,25/04/2016,3588,2.4200,2.4200,0.0000,0.230,0.200,1.990,0.000,3,5,152,1280,1654
2347167796,25/04/2016,9482,6.3800,6.3800,0.0000,1.270,0.520,4.600,0.000,15,11,277,653,2095
2873212765,25/04/2016,7373,4.9500,4.9500,0.0000,0.000,0.000,4.950,0.000,0,0,359,1081,1907
3372868164,25/04/2016,5995,4.0900,4.0900,0.0000,0.000,0.000,4.090,0.000,0,0,416,1024,2010
3977333714,25/04/2016,11177,8.4800,8.4800,0.0000,5.620,0.430,2.410,0.000,50,9,133,781,1570
4020332650,25/04/2016,0,0.0000,0.0000,0.0000,0.000,0.000,0.000,0.000,0,0,0,1440,1980
4319703577,25/04/2016,9259,6.2100,6.2100,0.0000,0.000,0.280,5.930,0.000,0,8,390,544,2314
4388161847,25/04/2016,12961,9.9700,9.9700,0.0000,0.730,1.400,7.840,0.000,11,31,301,1054,3288
4445114986,25/04/2016,3385,2.2700,2.2700,0.0000,0.000,0.000,2.270,0.000,0,0,179,916,2070
4558609924,25/04/2016,8095,5.3500,5.3500,0.0000,0.590,0.250,4.510,0.000,18,10,340,993,2225
4702921684,25/04/2016,9167,7.4300,7.4300,0.0000,0.490,0.820,6.110,0.000,6,15,270,730,3064
5553957443,25/04/2016,10946,7.1900,7.1900,0.0000,2.930,0.570,3.690,0.000,51,11,201,732,2033
5577150313,25/04/2016,6393,4.7800,4.7800,0.0000,1.350,0.670,2.760,0.000,61,38,214,743,3374
6117666160,25/04/2016,0,0.0000,0.0000,0.0000,0.000,0.000,0.000,0.000,0,0,0,1440,1497
6290855005,25/04/2016,7802,5.9000,5.9000,0.0000,0.680,0.180,5.030,0.010,8,3,249,1180,2771
6775888955,25/04/2016,6474,4.6400,4.6400,0.0000,2.270,0.460,1.900,0.000,33,13,92,1302,2484
6962181067,25/04/2016,13239,9.2700,9.0800,2.7852,3.020,1.680,4.460,0.100,35,31,282,637,2194
7007744171,25/04/2016,18229,13.3400,12.2000,4.8618,4.310,1.370,7.670,0.000,51,24,379,986,3055
7086361926,25/04/2016,10091,6.8200,6.8200,0.0000,3.750,0.700,2.370,0.000,69,39,129,706,2752
8053475328,25/04/2016,20500,15.6900,15.6900,0.0000,11.370,0.460,3.860,0.000,118,9,209,1104,3403
8253242879,25/04/2016,6829,4.5100,4.5100,0.0000,0.360,2.390,1.770,0.000,7,54,118,1261,1909
8378563200,25/04/2016,12405,9.8400,9.8400,2.0921,5.050,0.870,3.920,0.000,117,16,141,692,4005
8583815059,25/04/2016,4503,3.5100,3.5100,0.0000,1.470,0.240,1.810,0.000,18,6,122,1294,2547
8792009665,25/04/2016,0,0.0000,0.0000,0.0000,0.000,0.000,0.000,0.000,0,0,0,1440,1688
8877689391,25/04/2016,12986,8.7400,8.7400,0.0000,2.370,0.070,6.270,0.010,113,8,218,1101,3802
1503960366,26/04/2016,13755,8.7900,8.7900,0.0000,2.330,0.920,5.540,0.000,31,23,279,833,1970
1624580081,26/04/2016,2826,1.8400,1.8400,0.0000,0.000,0.000,1.830,0.010,0,0,140,1300,1402
1644430081,26/04/2016,9919,7.2100,7.2100,0.0000,0.800,1.720,4.690,0.000,11,41,223,1165,3123
1844505072,26/04/2016,0,0.0000,0.0000,0.0000,0.000,0.000,0.000,0.000,0,0,0,1440,1347
1927972279,26/04/2016,3761,2.6000,2.6000,0.0000,0.000,0.000,2.600,0.000,0,0,192,1058,2638
2022484408,26/04/2016,10119,7.1900,7.1900,0.0000,1.430,0.660,5.110,0.000,55,24,275,1086,2793
2026352035,26/04/2016,5933,3.6800,3.6800,0.0000,0.000,0.000,3.680,0.000,0,0,288,1018,1595
2320127002,26/04/2016,3409,2.3000,2.3000,0.0000,0.000,0.000,2.300,0.000,0,0,147,1293,1632
2347167796,26/04/2016,5980,3.9500,3.9500,0.0000,0.000,0.000,3.950,0.000,0,0,227,732,1861
2873212765,26/04/2016,8242,5.5400,5.5400,0.0000,0.120,0.180,5.240,0.000,2,5,309,1124,1882
3372868164,26/04/2016,8283,5.7900,5.7900,0.0000,1.850,0.050,3.870,0.010,22,2,333,1083,2057
3977333714,26/04/2016,11388,7.6200,7.6200,0.0000,0.450,4.220,2.950,0.000,7,95,170,797,1551
4020332650,26/04/2016,0,0.0000,0.0000,0.0000,0.000,0.000,0.000,0.000,0,0,0,1440,1980
4319703577,26/04/2016,9899,6.6400,6.6400,0.0000,0.570,0.920,5.150,0.000,8,21,288,649,2236
4388161847,26/04/2016,9461,7.2800,7.2800,0.0000,0.940,1.060,5.270,0.000,14,23,224,673,2929
4445114986,26/04/2016,6326,4.4100,4.4100,0.0000,2.410,0.040,1.960,0.000,29,1,180,839,2291
4558609924,26/04/2016,9148,6.0500,6.0500,0.0000,0.430,2.030,3.590,0.000,12,41,283,1062,2223
4702921684,26/04/2016,6108,4.9500,4.9500,0.0000,0.070,0.350,4.540,0.000,1,8,216,765,2784
5553957443,26/04/2016,11886,7.7600,7.7600,0.0000,2.370,0.930,4.460,0.000,40,18,238,750,2093
5577150313,26/04/2016,5325,3.9800,3.9800,0.0000,0.850,0.650,2.470,0.000,38,32,181,759,3088
6117666160,26/04/2016,9543,7.2100,7.2100,0.0000,0.000,0.340,6.870,0.000,0,7,352,1077,2450
6290855005,26/04/2016,0,0.0000,0.0000,0.0000,0.000,0.000,0.000,0.000,0,0,0,1440,2060
6775888955,26/04/2016,7091,5.2700,5.2700,1.9596,3.480,0.870,0.730,0.000,42,30,47,1321,2584
6962181067,26/04/2016,10433,6.9000,6.9000,0.0000,2.580,0.420,3.900,0.000,36,7,254,680,2012
7007744171,26/04/2016,15090,10.1000,10.1000,0.0000,0.930,0.940,8.230,0.000,16,22,424,978,2939
7086361926,26/04/2016,10387,7.0700,7.0700,0.0000,4.160,0.770,2.120,0.000,70,33,132,726,2781
8053475328,26/04/2016,12685,9.6200,9.6200,0.0000,6.310,0.200,3.100,0.000,68,5,185,1182,2846
8253242879,26/04/2016,4562,3.0400,3.0400,0.0000,1.180,0.490,1.370,0.000,19,14,108,1299,1813
8378563200,26/04/2016,16208,12.8500,12.8500,0.0000,7.510,0.920,4.420,0.000,90,18,161,593,3763
8583815059,26/04/2016,10499,8.1900,8.1900,0.0000,0.070,4.220,3.890,0.000,1,91,214,1134,3093
8792009665,26/04/2016,1321,0.8500,0.8500,0.0000,0.000,0.000,0.850,0.000,0,0,80,1360,1928
8877689391,26/04/2016,11101,8.4300,8.4300,0.0000,1.760,0.130,6.500,0.000,22,3,258,1157,2860
1503960366,27/04/2016,18134,12.2100,12.2100,0.0000,6.400,0.410,5.410,0.000,78,11,243,1108,2159
1624580081,27/04/2016,8367,5.4400,5.4400,0.0000,1.110,1.870,2.460,0.000,17,36,154,1233,1670
1644430081,27/04/2016,3032,2.2000,2.2000,0.0000,0.000,0.000,2.200,0.000,0,0,118,1322,2489
1844505072,27/04/2016,4,0.0000,0.0000,0.0000,0.000,0.000,0.000,0.000,0,0,1,1439,1348
1927972279,27/04/2016,0,0.0000,0.0000,0.0000,0.000,0.000,0.000,0.000,0,0,0,1440,2063
2022484408,27/04/2016,10159,7.1300,7.1300,0.0000,1.040,0.970,5.120,0.000,19,20,282,1119,2463
2026352035,27/04/2016,6088,3.7700,3.7700,0.0000,0.000,0.000,3.770,0.000,0,0,286,586,1593
2320127002,27/04/2016,1715,1.1600,1.1600,0.0000,0.000,0.000,1.160,0.000,0,0,82,1358,1481
2347167796,27/04/2016,11423,7.5800,7.5800,0.0000,1.860,0.400,5.320,0.000,26,9,295,623,2194
2873212765,27/04/2016,3516,2.3600,2.3600,0.0000,0.000,0.000,2.360,0.000,46,0,197,1197,1966
3372868164,27/04/2016,7904,5.4200,5.4200,0.0000,1.580,0.630,3.190,0.010,24,13,346,1057,2095
3977333714,27/04/2016,7193,5.0400,5.0400,0.0000,0.000,0.420,4.620,0.000,0,10,176,714,1377
4020332650,27/04/2016,0,0.0000,0.0000,0.0000,0.000,0.000,0.000,0.000,0,0,0,1440,1980
4319703577,27/04/2016,10780,7.2300,7.2300,0.0000,0.410,1.920,4.910,0.000,6,47,300,680,2324
4388161847,27/04/2016,11193,8.6100,8.6100,0.0000,0.700,2.510,5.390,0.000,11,48,241,684,3074
4445114986,27/04/2016,7243,5.0300,5.0300,0.0000,2.620,0.030,2.380,0.000,32,1,194,839,2361
4558609924,27/04/2016,9557,6.3200,6.3200,0.0000,1.960,0.890,3.460,0.000,27,14,312,1087,2098
4702921684,27/04/2016,7047,5.7200,5.7200,0.0000,0.090,0.800,4.780,0.000,1,16,238,733,2908
5553957443,27/04/2016,10538,6.8800,6.8800,0.0000,1.140,1.000,4.740,0.000,16,16,206,745,1922
5577150313,27/04/2016,6805,5.1400,5.1400,0.0000,1.810,0.400,2.930,0.000,63,16,190,773,3294
6117666160,27/04/2016,9411,7.1100,7.1100,0.0000,0.000,0.000,7.110,0.000,0,0,458,417,2576
6290855005,27/04/2016,5565,4.2100,4.2100,0.0000,0.000,0.000,4.180,0.030,0,0,287,1153,2743
6775888955,27/04/2016,0,0.0000,0.0000,0.0000,0.000,0.000,0.000,0.000,0,0,0,1440,1841
6962181067,27/04/2016,10320,6.8200,6.8200,0.0000,0.550,2.020,4.250,0.000,7,38,279,697,2034
7007744171,27/04/2016,13541,10.2200,9.0600,4.8856,4.270,0.660,5.290,0.000,50,12,337,1041,2830
7086361926,27/04/2016,11107,8.3400,8.3400,0.0000,5.630,0.180,2.530,0.000,55,6,145,829,2693
8053475328,27/04/2016,12422,9.8200,9.8200,0.0000,6.460,0.430,2.930,0.000,60,10,183,1187,2852
8253242879,27/04/2016,10232,8.1800,8.1800,0.0000,6.240,0.230,1.700,0.000,45,5,104,1286,2008
8378563200,27/04/2016,7359,5.8400,5.8400,0.0000,0.330,0.180,5.330,0.000,4,4,192,676,3061
8583815059,27/04/2016,12474,9.7300,9.7300,0.0000,6.600,0.270,2.870,0.000,77,5,129,1229,3142
8792009665,27/04/2016,1758,1.1300,1.1300,0.0000,0.000,0.000,1.130,0.000,0,0,112,900,2067
8877689391,27/04/2016,23629,20.6500,20.6500,0.0000,13.070,0.440,7.100,0.000,93,8,235,1104,3808
1503960366,28/04/2016,13154,8.5300,8.5300,0.0000,3.540,1.160,3.790,0.000,48,28,189,782,1898
1624580081,28/04/2016,2759,1.7900,1.7900,0.0000,0.000,0.200,1.600,0.000,0,5,115,1320,1401
1644430081,28/04/2016,9405,6.8400,6.8400,0.0000,0.200,2.320,4.310,0.000,3,53,227,1157,3108
1844505072,28/04/2016,6907,4.5700,4.5700,0.0000,0.000,0.000,4.560,0.000,0,0,302,1138,1992
1927972279,28/04/2016,1675,1.1600,1.1600,0.0000,0.000,0.000,1.160,0.000,0,0,95,1167,2351
2022484408,28/04/2016,10140,7.1200,7.1200,0.0000,0.410,1.330,5.390,0.000,6,20,291,1123,2296
2026352035,28/04/2016,6375,3.9500,3.9500,0.0000,0.000,0.000,3.950,0.000,0,0,331,626,1649
2320127002,28/04/2016,1532,1.0300,1.0300,0.0000,0.000,0.000,1.030,0.000,0,0,76,1364,1473
2347167796,28/04/2016,5439,3.6000,3.6000,0.0000,0.000,0.000,3.600,0.000,0,0,229,764,1854
2873212765,28/04/2016,7913,5.4100,5.4100,0.0000,2.160,0.340,2.910,0.000,28,7,213,1192,1835
3372868164,28/04/2016,5512,3.7600,3.7600,0.0000,0.000,0.000,3.760,0.000,0,0,385,1055,1972
3977333714,28/04/2016,7114,4.8800,4.8800,0.0000,1.370,0.290,3.220,0.000,15,8,190,804,1407
4020332650,28/04/2016,0,0.0000,0.0000,0.0000,0.000,0.000,0.000,0.000,0,0,0,1440,1980
4319703577,28/04/2016,10817,7.2800,7.2800,0.0000,1.010,0.330,5.940,0.000,13,8,359,552,2367
4388161847,28/04/2016,10074,7.7500,7.7500,0.0000,1.290,0.430,6.030,0.000,19,9,234,878,2969
4445114986,28/04/2016,4493,3.0100,3.0100,0.0000,0.000,0.000,3.010,0.000,0,0,236,762,2203
4558609924,28/04/2016,9451,6.2500,6.2500,0.0000,0.020,0.270,5.950,0.000,1,11,367,985,2185
4702921684,28/04/2016,9023,7.3200,7.3200,0.0000,1.130,0.420,5.770,0.000,14,9,232,738,3033
5553957443,28/04/2016,11393,7.6300,7.6300,0.0000,3.710,0.750,3.170,0.000,49,13,165,727,1999
5577150313,28/04/2016,9841,7.4300,7.4300,0.0000,3.250,1.170,3.010,0.000,99,51,141,692,3580
6117666160,28/04/2016,3403,2.6000,2.6000,0.0000,0.000,0.000,2.600,0.000,0,0,141,758,1879
6290855005,28/04/2016,5731,4.3300,4.3300,0.0000,0.000,0.000,4.330,0.000,0,0,255,1185,2687
6775888955,28/04/2016,703,0.5000,0.5000,0.0000,0.060,0.200,0.240,0.000,2,13,15,1410,1993
6962181067,28/04/2016,12627,8.3500,8.3500,0.0000,2.510,0.240,5.590,0.000,38,8,288,621,2182
7007744171,28/04/2016,15128,10.1200,10.1200,0.0000,1.090,0.770,8.260,0.000,16,16,401,1007,2836
7086361926,28/04/2016,11584,7.8000,7.8000,0.0000,2.790,1.640,3.360,0.000,54,48,161,810,2862
8053475328,28/04/2016,15447,12.4000,12.4000,0.0000,9.670,0.390,2.350,0.000,90,9,153,1188,3062
8253242879,28/04/2016,2718,1.8000,1.8000,0.0000,0.670,0.780,0.340,0.000,11,16,20,1393,1580
8378563200,28/04/2016,5417,4.3000,4.3000,0.0000,0.900,0.490,2.910,0.000,11,10,139,711,2884
8583815059,28/04/2016,6174,4.8200,4.8200,0.0000,0.000,1.200,3.610,0.000,0,28,203,1209,2757
8792009665,28/04/2016,6157,3.9400,3.9400,0.0000,0.000,0.000,3.940,0.000,0,0,310,714,2780
8877689391,28/04/2016,14890,11.3000,11.3000,0.0000,4.930,0.380,5.970,0.000,58,8,231,1143,3060
1503960366,29/04/2016,11181,7.1500,7.1500,0.0000,1.060,0.500,5.580,0.000,16,12,243,815,1837
1624580081,29/04/2016,2390,1.5500,1.5500,0.0000,0.000,0.000,1.550,0.000,0,0,150,1290,1404
1644430081,29/04/2016,3176,2.3100,2.3100,0.0000,0.000,0.000,2.310,0.000,0,0,120,1193,2498
1844505072,29/04/2016,4920,3.2500,3.2500,0.0000,0.000,0.000,3.250,0.000,0,0,247,1082,1856
1927972279,29/04/2016,0,0.0000,0.0000,0.0000,0.000,0.000,0.000,0.000,0,0,0,1440,2063
2022484408,29/04/2016,10245,7.1900,7.1900,0.0000,0.480,1.210,5.500,0.000,21,40,281,1098,2611
2026352035,29/04/2016,7604,4.7100,4.7100,0.0000,0.000,0.000,4.710,0.000,0,0,352,492,1692
2320127002,29/04/2016,924,0.6200,0.6200,0.0000,0.000,0.000,0.620,0.000,0,0,45,1395,1410
2347167796,29/04/2016,42,0.0300,0.0300,0.0000,0.000,0.000,0.030,0.000,0,0,4,2,403
2873212765,29/04/2016,7365,4.9500,4.9500,0.0000,1.360,1.410,2.180,0.000,20,23,206,1191,1780
3372868164,29/04/2016,9135,6.2300,6.2300,0.0000,0.000,0.000,6.220,0.010,0,0,402,1038,2044
3977333714,29/04/2016,10645,7.7500,7.7500,0.0000,3.740,1.300,2.710,0.000,36,32,150,744,1545
4020332650,29/04/2016,0,0.0000,0.0000,0.0000,0.000,0.000,0.000,0.000,0,0,0,1440,1980
4319703577,29/04/2016,7990,5.3600,5.3600,0.0000,0.450,0.790,4.120,0.000,6,18,289,624,2175
4388161847,29/04/2016,9232,7.1000,7.1000,0.0000,0.800,0.890,5.420,0.000,13,16,236,1175,2979
4445114986,29/04/2016,4676,3.1400,3.1400,0.0000,0.000,0.000,3.130,0.000,0,0,226,1106,2196
4558609924,29/04/2016,7833,5.1800,5.1800,0.0000,1.020,1.850,2.310,0.000,15,29,197,1096,1918
4702921684,29/04/2016,9930,8.0500,8.0500,0.0000,1.060,0.920,6.070,0.000,12,19,267,692,3165
5553957443,29/04/2016,12764,8.3300,8.3300,0.0000,2.790,0.640,4.910,0.000,46,15,270,709,2169
5577150313,29/04/2016,7924,5.9200,5.9200,0.0000,2.840,0.610,2.470,0.000,97,36,165,739,3544
6117666160,29/04/2016,9592,7.2400,7.2400,0.0000,0.000,0.000,7.240,0.000,0,0,461,479,2560
6290855005,29/04/2016,0,0.0000,0.0000,0.0000,0.000,0.000,0.000,0.000,0,0,0,1440,2060
6775888955,29/04/2016,0,0.0000,0.0000,0.0000,0.000,0.000,0.000,0.000,0,0,0,1440,1841
6962181067,29/04/2016,10762,7.1100,7.1100,0.0000,0.820,0.480,5.810,0.000,12,15,369,645,2254
7007744171,29/04/2016,20067,14.3000,13.4200,4.9111,4.310,2.050,7.950,0.000,55,42,382,961,3180
7086361926,29/04/2016,7881,4.9500,4.9500,0.0000,0.490,0.450,4.000,0.000,24,36,182,1198,2616
8053475328,29/04/2016,12315,9.6500,9.6500,0.0000,6.170,0.310,3.170,0.000,58,8,159,1215,2794
8253242879,29/04/2016,6260,4.2600,4.2600,0.0000,1.290,0.540,2.400,0.000,16,14,136,1257,1854
8378563200,29/04/2016,6175,4.9000,4.9000,0.0000,0.250,0.360,4.270,0.000,3,7,172,767,2982
8583815059,29/04/2016,15168,11.8300,11.8300,0.0000,3.900,3.000,4.920,0.000,46,67,258,1069,3513
8792009665,29/04/2016,8360,5.3500,5.3500,0.0000,0.140,0.280,4.930,0.000,6,14,380,634,3101
8877689391,29/04/2016,9733,7.3900,7.3900,0.0000,1.380,0.170,5.790,0.000,18,5,210,1207,2698
1503960366,30/04/2016,14673,9.2500,9.2500,0.0000,3.560,1.420,4.270,0.000,52,34,217,712,1947
1624580081,30/04/2016,6474,4.3000,4.3000,0.0000,0.900,1.280,2.120,0.010,11,23,224,1182,1655
1644430081,30/04/2016,18213,13.2400,13.2400,0.0000,0.630,3.140,9.460,0.000,9,71,402,816,3846
1844505072,30/04/2016,4014,2.6700,2.6700,0.0000,0.000,0.000,2.650,0.000,0,0,184,218,1763
1927972279,30/04/2016,0,0.0000,0.0000,0.0000,0.000,0.000,0.000,0.000,0,0,0,1440,2064
2022484408,30/04/2016,18387,12.9100,12.9100,0.0000,0.940,1.400,10.570,0.000,13,23,361,1043,2732
2026352035,30/04/2016,4729,2.9300,2.9300,0.0000,0.000,0.000,2.930,0.000,0,0,233,594,1506
2320127002,30/04/2016,4571,3.0800,3.0800,0.0000,0.000,0.000,3.070,0.000,0,0,234,1206,1779
2873212765,30/04/2016,8452,5.6800,5.6800,0.0000,0.330,1.080,4.260,0.010,5,20,248,1167,1830
3372868164,30/04/2016,5250,3.5800,3.5800,0.0000,1.060,0.090,2.420,0.010,17,4,300,1119,1946
3977333714,30/04/2016,13238,9.2000,9.2000,0.0000,3.690,2.100,3.410,0.000,43,52,194,687,1650
4020332650,30/04/2016,0,0.0000,0.0000,0.0000,0.000,0.000,0.000,0.000,0,0,0,1440,1980
4319703577,30/04/2016,8221,5.5200,5.5200,0.0000,0.400,1.610,3.510,0.000,6,38,196,695,2092
4388161847,30/04/2016,12533,9.6400,9.6400,0.0000,0.700,2.000,6.940,0.000,14,43,300,537,3283
4445114986,30/04/2016,6222,4.1800,4.1800,0.0000,0.000,0.000,4.180,0.000,0,0,290,797,2363
4558609924,30/04/2016,10319,6.8200,6.8200,0.0000,0.470,1.890,4.460,0.000,7,29,293,1111,2105
4702921684,30/04/2016,10144,8.2300,8.2300,0.0000,0.320,2.030,5.880,0.000,4,36,263,728,3115
5553957443,30/04/2016,1202,0.7800,0.7800,0.0000,0.000,0.000,0.780,0.000,0,0,84,506,1463
5577150313,30/04/2016,12363,9.2400,9.2400,0.0000,5.830,0.790,2.610,0.000,207,45,163,621,4501
6117666160,30/04/2016,6987,5.2800,5.2800,0.0000,0.000,0.000,5.280,0.000,0,0,343,1040,2275
6290855005,30/04/2016,6744,5.1000,5.1000,0.0000,0.000,0.000,5.090,0.010,0,0,324,1116,2843
6775888955,30/04/2016,2503,1.7900,1.7900,0.0000,0.160,0.160,1.480,0.000,3,9,84,1344,2280
6962181067,30/04/2016,10081,6.6600,6.6600,0.0000,2.240,0.760,3.670,0.000,32,16,237,731,2002
7007744171,30/04/2016,3761,2.5200,2.5200,0.0000,0.000,0.000,2.520,0.000,0,0,200,1240,2051
7086361926,30/04/2016,14560,9.4100,9.4100,0.0000,3.120,1.040,5.240,0.000,42,17,308,584,2995
8053475328,30/04/2016,7135,5.5900,5.5900,0.0000,2.990,0.060,2.540,0.000,27,1,131,1281,2408
8253242879,30/04/2016,0,0.0000,0.0000,0.0000,0.000,0.000,0.000,0.000,0,0,0,1440,0
8378563200,30/04/2016,2946,2.3400,2.3400,0.0000,0.000,0.000,2.340,0.000,0,0,121,780,2660
8583815059,30/04/2016,10085,7.8700,7.8700,0.0000,0.150,1.280,6.430,0.000,2,28,317,1093,3164
8792009665,30/04/2016,7174,4.5900,4.5900,0.0000,0.330,0.360,3.910,0.000,10,20,301,749,2896
8877689391,30/04/2016,27745,26.7200,26.7200,0.0000,21.660,0.080,4.930,0.000,124,4,223,1089,4398
1503960366,01/05/2016,10602,6.8100,6.8100,0.0000,2.290,1.600,2.920,0.000,33,35,246,730,1820
1624580081,01/05/2016,36019,28.0300,28.0300,0.0000,21.920,4.190,1.910,0.020,186,63,171,1020,2690
1644430081,01/05/2016,6132,4.4600,4.4600,0.0000,0.240,0.990,3.230,0.000,3,24,146,908,2696
1844505072,01/05/2016,2573,1.7000,1.7000,0.0000,0.000,0.260,1.450,0.000,0,7,75,585,1541
1927972279,01/05/2016,2704,1.8700,1.8700,0.0000,1.010,0.030,0.830,0.000,14,1,70,1355,2411
2022484408,01/05/2016,10538,7.4000,7.4000,0.0000,1.940,0.960,4.500,0.000,25,28,245,1142,2380
2026352035,01/05/2016,3609,2.2800,2.2800,0.0000,0.000,0.000,2.280,0.000,0,0,191,716,1447
2320127002,01/05/2016,772,0.5200,0.5200,0.0000,0.000,0.000,0.520,0.000,0,0,40,1400,1403
2873212765,01/05/2016,7399,4.9700,4.9700,0.0000,0.490,1.040,3.440,0.000,7,18,196,1219,1739
3372868164,01/05/2016,3077,2.1000,2.1000,0.0000,0.000,0.000,2.090,0.000,0,0,172,842,1237
3977333714,01/05/2016,10414,7.0700,7.0700,0.0000,2.670,1.980,2.410,0.000,41,40,124,691,1501
4020332650,01/05/2016,0,0.0000,0.0000,0.0000,0.000,0.000,0.000,0.000,0,0,0,1440,1980
4319703577,01/05/2016,1251,0.8400,0.8400,0.0000,0.000,0.000,0.840,0.000,0,0,67,836,1593
4388161847,01/05/2016,10255,7.8900,7.8900,0.0000,1.010,0.680,6.200,0.000,12,15,241,579,2926
4445114986,01/05/2016,5232,3.5100,3.5100,0.0000,0.000,0.000,3.510,0.000,0,0,240,741,2246
4558609924,01/05/2016,3428,2.2700,2.2700,0.0000,0.000,0.000,2.270,0.000,0,0,190,1121,1692
4702921684,01/05/2016,0,0.0000,0.0000,0.0000,0.000,0.000,0.000,0.000,0,0,0,1440,2017
5553957443,01/05/2016,5164,3.3700,3.3700,0.0000,0.000,0.000,3.370,0.000,0,0,237,436,1747
5577150313,01/05/2016,13368,9.9900,9.9900,0.0000,5.310,1.440,3.240,0.000,194,72,178,499,4546
6117666160,01/05/2016,8915,6.7300,6.7300,0.0000,0.000,0.000,6.730,0.000,0,0,397,525,2361
6290855005,01/05/2016,9837,7.4400,7.4400,0.0000,0.660,2.750,4.000,0.020,8,95,282,1055,3327
6775888955,01/05/2016,2487,1.7800,1.7800,0.0000,0.480,0.620,0.680,0.000,9,34,50,1347,2319
6962181067,01/05/2016,5454,3.6100,3.6100,0.0000,0.000,0.000,3.610,0.000,0,0,215,722,1740
7007744171,01/05/2016,5600,3.7500,3.7500,0.0000,0.000,0.000,3.750,0.000,0,0,237,1142,2225
7086361926,01/05/2016,12390,8.0700,8.0700,0.0000,2.300,0.900,4.850,0.000,30,15,258,685,2730
8053475328,01/05/2016,1170,0.8500,0.8500,0.0000,0.000,0.000,0.850,0.000,0,0,51,1389,1886
8378563200,01/05/2016,11419,9.0600,9.0600,0.0000,6.030,0.560,2.470,0.000,71,10,127,669,3369
8583815059,01/05/2016,4512,3.5200,3.5200,0.0000,0.780,0.120,2.040,0.000,10,2,117,1311,2596
8792009665,01/05/2016,1619,1.0400,1.0400,0.0000,0.000,0.000,1.040,0.000,0,0,79,834,1962
8877689391,01/05/2016,10930,8.3200,8.3200,0.0000,3.130,0.570,4.570,0.000,36,12,166,1226,2786
1503960366,02/05/2016,14727,9.7100,9.7100,0.0000,3.210,0.570,5.920,0.000,41,15,277,798,2004
1624580081,02/05/2016,7155,4.9300,4.9300,0.0000,0.860,0.590,3.470,0.000,7,6,166,1261,1497
1644430081,02/05/2016,3758,2.7300,2.7300,0.0000,0.070,0.310,2.350,0.000,1,7,148,682,2580
1844505072,02/05/2016,0,0.0000,0.0000,0.0000,0.000,0.000,0.000,0.000,0,0,0,1440,1348
1927972279,02/05/2016,3790,2.6200,2.6200,0.0000,1.160,0.300,1.160,0.000,16,8,94,1322,2505
2022484408,02/05/2016,10379,7.2900,7.2900,0.0000,2.610,0.340,4.330,0.000,36,8,277,1119,2473
2026352035,02/05/2016,7018,4.3500,4.3500,0.0000,0.000,0.000,4.350,0.000,0,0,355,716,1690
2320127002,02/05/2016,3634,2.4500,2.4500,0.0000,0.360,0.210,1.880,0.000,5,6,123,1306,1613
2873212765,02/05/2016,7525,5.0600,5.0600,0.0000,0.000,0.210,4.830,0.020,0,7,334,1099,1878
3977333714,02/05/2016,16520,11.0500,11.0500,0.0000,1.540,6.480,3.020,0.000,24,143,176,713,1760
4020332650,02/05/2016,475,0.3400,0.3400,0.0000,0.000,0.040,0.290,0.000,0,11,31,1350,2207
4319703577,02/05/2016,9261,6.2400,6.2400,0.0000,0.000,0.440,5.710,0.000,0,11,344,585,2270
4388161847,02/05/2016,10096,8.4000,8.4000,0.0000,3.770,0.080,4.550,0.000,33,4,204,935,3147
4445114986,02/05/2016,6910,4.7500,4.7500,0.0000,2.210,0.190,2.350,0.000,27,4,200,667,2336
4558609924,02/05/2016,7891,5.2200,5.2200,0.0000,0.000,0.000,5.220,0.000,0,0,383,1057,2066
4702921684,02/05/2016,7245,5.9200,5.9200,0.0000,0.380,1.740,3.760,0.000,5,40,195,1131,2859
5553957443,02/05/2016,9769,6.3800,6.3800,0.0000,1.060,0.410,4.900,0.000,23,9,227,724,1996
5577150313,02/05/2016,7439,5.5600,5.5600,0.0000,1.120,0.350,4.070,0.000,37,20,235,732,3014
6117666160,02/05/2016,4933,3.7300,3.7300,0.0000,0.000,0.000,3.730,0.000,0,0,236,1204,2044
6290855005,02/05/2016,6781,5.1300,5.1300,0.0000,0.000,0.000,5.110,0.020,0,0,268,1172,2725
6775888955,02/05/2016,0,0.0000,0.0000,0.0000,0.000,0.000,0.000,0.000,0,0,0,1440,1841
6962181067,02/05/2016,12912,8.5400,8.5400,0.0000,1.200,2.000,5.340,0.000,18,39,313,655,2162
7007744171,02/05/2016,13041,9.1800,8.7200,2.8323,4.640,0.700,3.830,0.000,64,14,250,1112,2642
7086361926,02/05/2016,10052,6.8100,6.8100,0.0000,3.480,0.660,2.660,0.000,66,26,139,737,2754
8053475328,02/05/2016,1969,1.4300,1.4300,0.0000,0.000,0.000,1.430,0.000,0,0,95,1345,1988
8378563200,02/05/2016,6064,4.8100,4.8100,2.0921,0.630,0.170,4.010,0.000,63,4,142,802,3491
8583815059,02/05/2016,8469,6.6100,6.6100,0.0000,0.000,0.000,0.000,0.000,0,0,0,1440,2894
8792009665,02/05/2016,1831,1.1700,1.1700,0.0000,0.000,0.000,1.170,0.000,0,0,101,916,2015
8877689391,02/05/2016,4790,3.6400,3.6400,0.0000,0.000,0.000,3.560,0.000,0,0,105,1335,2189
1503960366,03/05/2016,15103,9.6600,9.6600,0.0000,3.730,1.050,4.880,0.000,50,24,254,816,1990
1624580081,03/05/2016,2100,1.3700,1.3700,0.0000,0.000,0.000,1.340,0.020,0,0,96,1344,1334
1644430081,03/05/2016,12850,9.3400,9.3400,0.0000,0.720,4.090,4.540,0.000,10,94,221,1115,3324
1844505072,03/05/2016,4059,2.6800,2.6800,0.0000,0.000,0.000,2.680,0.000,0,0,184,1256,1742
1927972279,03/05/2016,1326,0.9200,0.9200,0.0000,0.730,0.000,0.180,0.000,10,0,17,1413,2195
2022484408,03/05/2016,12183,8.7400,8.7400,0.0000,3.990,0.460,4.280,0.000,72,14,250,1104,2752
2026352035,03/05/2016,5992,3.7200,3.7200,0.0000,0.000,0.000,3.720,0.000,0,0,304,981,1604
2320127002,03/05/2016,7443,5.0200,5.0200,0.0000,1.490,0.370,3.160,0.000,20,10,206,1204,1878
2873212765,03/05/2016,7412,4.9800,4.9800,0.0000,0.060,0.250,4.660,0.010,1,6,363,1070,1906
3977333714,03/05/2016,14335,9.5900,9.5900,0.0000,3.320,1.740,4.530,0.000,47,41,258,594,1710
4020332650,03/05/2016,4496,3.2200,3.2200,0.0000,0.000,0.000,3.150,0.050,0,0,174,950,2828
4319703577,03/05/2016,9648,6.4700,6.4700,0.0000,0.580,1.070,4.830,0.000,8,26,287,669,2235
4388161847,03/05/2016,12727,9.7900,9.7900,0.0000,1.130,0.780,7.880,0.000,18,18,306,984,3290
4445114986,03/05/2016,7502,5.1800,5.1800,0.0000,2.480,0.110,2.580,0.000,30,2,233,725,2421
4558609924,03/05/2016,5267,3.4800,3.4800,0.0000,0.600,0.280,2.600,0.000,21,10,237,1172,1953
4702921684,03/05/2016,9454,7.6700,7.6700,0.0000,0.000,0.000,7.670,0.000,0,0,313,729,3145
5553957443,03/05/2016,12848,8.3900,8.3900,0.0000,1.500,1.200,5.680,0.000,26,29,247,812,2116
5577150313,03/05/2016,11045,8.2500,8.2500,0.0000,4.520,0.150,3.570,0.000,97,8,212,580,3795
6117666160,03/05/2016,0,0.0000,0.0000,0.0000,0.000,0.000,0.000,0.000,0,0,0,1440,1496
6290855005,03/05/2016,6047,4.5700,4.5700,0.0000,0.000,0.000,4.570,0.000,0,0,240,1200,2671
6775888955,03/05/2016,9,0.0100,0.0100,0.0000,0.000,0.000,0.010,0.000,0,0,1,1439,1843
6962181067,03/05/2016,12109,8.1200,8.1200,0.0000,1.740,2.040,4.330,0.000,21,36,267,654,2072
7007744171,03/05/2016,14510,10.8700,9.7100,4.9124,4.480,1.020,5.360,0.000,58,31,330,1021,2976
7086361926,03/05/2016,10288,6.7600,6.7600,0.0000,2.740,0.850,3.160,0.000,57,36,152,761,2754
8053475328,03/05/2016,15484,11.9000,11.9000,0.0000,8.390,0.930,2.590,0.000,87,22,165,1166,3023
8378563200,03/05/2016,8712,6.9100,6.9100,2.2531,1.340,1.060,4.500,0.000,71,20,195,822,3784
8583815059,03/05/2016,12015,9.3700,9.3700,0.0000,0.000,0.000,0.000,0.000,0,0,0,1440,3212
8792009665,03/05/2016,2421,1.5500,1.5500,0.0000,0.000,0.000,1.550,0.000,0,0,156,739,2297
8877689391,03/05/2016,10818,8.2100,8.2100,0.0000,1.390,0.100,6.670,0.010,19,3,229,1189,2817
1503960366,04/05/2016,11100,7.1500,7.1500,0.0000,2.460,0.870,3.820,0.000,36,22,203,1179,1819
1624580081,04/05/2016,2193,1.4300,1.4300,0.0000,0.000,0.000,1.420,0.000,0,0,118,1322,1368
1644430081,04/05/2016,2309,1.6800,1.6800,0.0000,0.000,0.000,1.660,0.020,0,0,52,1388,2222
1844505072,04/05/2016,2080,1.3700,1.3700,0.0000,0.000,0.000,1.370,0.000,0,0,87,1353,1549
1927972279,04/05/2016,1786,1.2400,1.2400,0.0000,0.000,0.000,1.240,0.000,0,0,87,1353,2338
2022484408,04/05/2016,11768,8.2900,8.2900,0.0000,2.510,0.930,4.850,0.000,36,27,272,1105,2649
2026352035,04/05/2016,6564,4.0700,4.0700,0.0000,0.000,0.000,4.070,0.000,0,0,345,530,1658
2320127002,04/05/2016,1201,0.8100,0.8100,0.0000,0.000,0.000,0.810,0.000,0,0,52,1388,1426
2873212765,04/05/2016,8278,5.5600,5.5600,0.0000,0.000,0.000,5.560,0.000,0,0,420,1020,2015
3977333714,04/05/2016,13559,9.4400,9.4400,0.0000,1.810,4.580,2.890,0.000,14,96,142,852,1628
4020332650,04/05/2016,10252,7.3500,7.3500,0.0000,0.670,1.040,5.580,0.000,13,46,346,531,3879
4319703577,04/05/2016,10429,7.0200,7.0200,0.0000,0.590,0.580,5.850,0.000,8,13,313,1106,2282
4388161847,04/05/2016,12375,9.5200,9.5200,0.0000,2.790,0.930,5.800,0.000,35,21,251,632,3162
4445114986,04/05/2016,2923,1.9600,1.9600,0.0000,0.000,0.000,1.960,0.000,0,0,180,897,2070
4558609924,04/05/2016,5232,3.4600,3.4600,0.0000,0.000,0.000,3.460,0.000,0,0,252,1188,1842
4702921684,04/05/2016,8161,6.6200,6.6200,0.0000,0.340,0.730,5.540,0.000,4,15,251,757,3004
5553957443,04/05/2016,4249,2.7700,2.7700,0.0000,0.000,0.000,2.770,0.000,0,0,224,651,1698
5577150313,04/05/2016,5206,3.8900,3.8900,0.0000,1.560,0.250,2.080,0.000,25,9,141,631,2755
6117666160,04/05/2016,2997,2.2600,2.2600,0.0000,0.000,0.000,2.260,0.000,0,0,156,1279,1902
6290855005,04/05/2016,5832,4.4100,4.4100,0.0000,0.000,0.000,4.400,0.010,0,0,272,1168,2718
6775888955,04/05/2016,0,0.0000,0.0000,0.0000,0.000,0.000,0.000,0.000,0,0,0,1440,1841
6962181067,04/05/2016,10147,6.7100,6.7100,0.0000,0.470,1.680,4.550,0.000,15,36,284,683,2086
7007744171,04/05/2016,0,0.0000,0.0000,0.0000,0.000,0.000,0.000,0.000,0,0,0,1440,1557
7086361926,04/05/2016,10988,8.3100,8.3100,0.0000,5.280,0.120,2.900,0.000,45,12,135,843,2655
8053475328,04/05/2016,14581,11.1500,11.1500,0.0000,8.820,0.400,1.910,0.000,89,8,123,1220,2918
8378563200,04/05/2016,7875,6.2400,6.2400,0.0000,1.560,0.490,4.200,0.000,19,10,167,680,3110
8583815059,04/05/2016,3588,2.8000,2.8000,0.0000,0.000,0.000,0.000,0.000,0,0,0,1440,2516
8792009665,04/05/2016,2283,1.4600,1.4600,0.0000,0.000,0.000,1.460,0.000,0,0,129,848,2067
8877689391,04/05/2016,18193,16.3000,16.3000,0.0000,10.420,0.310,5.530,0.000,66,8,212,1154,3477
1503960366,05/05/2016,14070,8.9000,8.9000,0.0000,2.920,1.080,4.880,0.000,45,24,250,857,1959
1624580081,05/05/2016,2470,1.6100,1.6100,0.0000,0.000,0.000,1.580,0.020,0,0,117,1323,1370
1644430081,05/05/2016,4363,3.1900,3.1900,0.0000,0.520,0.540,2.130,0.010,6,12,81,1341,2463
1844505072,05/05/2016,2237,1.4800,1.4800,0.0000,0.000,0.000,1.480,0.000,0,0,120,1320,1589
1927972279,05/05/2016,0,0.0000,0.0000,0.0000,0.000,0.000,0.000,0.000,0,0,0,1440,2063
2022484408,05/05/2016,11895,8.3500,8.3500,0.0000,2.790,0.860,4.700,0.000,55,20,253,1112,2609
2026352035,05/05/2016,12167,7.5400,7.5400,0.0000,0.000,0.000,7.540,0.000,0,0,475,479,1926
2320127002,05/05/2016,5202,3.5100,3.5100,0.0000,0.000,0.390,3.110,0.000,0,11,223,1206,1780
2873212765,05/05/2016,8314,5.6100,5.6100,0.0000,0.780,0.800,4.030,0.000,13,23,311,1093,1971
3977333714,05/05/2016,12312,8.5800,8.5800,0.0000,1.760,4.110,2.710,0.000,14,88,178,680,1618
4020332650,05/05/2016,11728,8.4300,8.4300,0.0000,2.620,1.680,4.040,0.070,38,42,196,916,3429
4319703577,05/05/2016,13658,9.4900,9.4900,0.0000,2.630,1.410,5.450,0.000,27,34,328,957,2530
4388161847,05/05/2016,9603,7.3800,7.3800,0.0000,0.630,1.670,5.090,0.000,12,39,199,896,2899
4445114986,05/05/2016,3800,2.5500,2.5500,0.0000,0.120,0.240,2.180,0.000,2,6,185,734,2120
4558609924,05/05/2016,10611,7.0100,7.0100,0.0000,1.010,0.500,5.510,0.000,14,8,370,1048,2262
4702921684,05/05/2016,8614,6.9900,6.9900,0.0000,0.670,0.220,6.090,0.000,8,5,241,745,3006
5553957443,05/05/2016,14331,9.5100,9.5100,0.0000,3.430,1.660,4.430,0.000,44,29,241,692,2156
5577150313,05/05/2016,7550,5.6400,5.6400,0.0000,2.500,0.470,2.670,0.000,45,21,143,1153,3004
6117666160,05/05/2016,9799,7.4000,7.4000,0.0000,0.000,0.000,7.400,0.000,0,0,487,479,2636
6290855005,05/05/2016,6339,4.7900,4.7900,0.0000,0.000,0.000,4.790,0.000,0,0,239,1201,2682
6775888955,05/05/2016,0,0.0000,0.0000,0.0000,0.000,0.000,0.000,0.000,0,0,0,1440,1841
6962181067,05/05/2016,10524,6.9600,6.9600,0.0000,0.990,1.160,4.810,0.000,14,22,305,591,2066
7007744171,05/05/2016,15010,11.1000,10.0400,4.8782,4.330,1.290,5.480,0.000,53,23,317,1047,2933
7086361926,05/05/2016,8564,5.6000,5.6000,0.0000,1.780,0.830,2.950,0.000,24,14,149,1253,2386
8053475328,05/05/2016,14990,11.5100,11.5100,0.0000,8.850,0.450,2.210,0.000,93,9,130,1208,2950
8378563200,05/05/2016,8567,6.7900,6.7900,2.2531,0.890,0.160,5.740,0.000,66,3,214,764,3783
8583815059,05/05/2016,12427,9.6900,9.6900,0.0000,0.000,0.000,1.180,0.000,0,0,70,1370,3266
8792009665,05/05/2016,0,0.0000,0.0000,0.0000,0.000,0.000,0.000,0.000,0,0,0,1440,1688
8877689391,05/05/2016,14055,10.6700,10.6700,0.0000,5.460,0.820,4.370,0.000,67,15,188,1170,3052
1503960366,06/05/2016,12159,8.0300,8.0300,0.0000,1.970,0.250,5.810,0.000,24,6,289,754,1896
1624580081,06/05/2016,1727,1.1200,1.1200,0.0000,0.000,0.000,1.120,0.010,0,0,102,1338,1341
1644430081,06/05/2016,9787,7.1200,7.1200,0.0000,0.820,0.270,6.010,0.020,11,6,369,1054,3328
1844505072,06/05/2016,44,0.0300,0.0300,0.0000,0.000,0.000,0.030,0.000,0,0,2,1438,1351
1927972279,06/05/2016,2091,1.4500,1.4500,0.0000,0.000,0.000,1.450,0.000,0,0,108,1332,2383
2022484408,06/05/2016,10227,7.1800,7.1800,0.0000,1.870,0.670,4.640,0.000,24,17,295,1104,2498
2026352035,06/05/2016,8198,5.0800,5.0800,0.0000,0.000,0.000,5.080,0.000,0,0,383,511,1736
2320127002,06/05/2016,4878,3.2900,3.2900,0.0000,0.000,0.000,3.290,0.000,0,0,204,1236,1742
2873212765,06/05/2016,7063,4.7500,4.7500,0.0000,0.000,0.120,4.610,0.010,0,5,370,1065,1910
3977333714,06/05/2016,11677,8.2800,8.2800,0.0000,3.110,2.510,2.670,0.000,29,55,168,676,1590
4020332650,06/05/2016,4369,3.1300,3.1300,0.0000,0.000,0.000,3.100,0.010,0,0,177,855,2704
4319703577,06/05/2016,9524,6.4200,6.4200,0.0000,0.410,0.470,5.460,0.000,6,11,314,692,2266
4388161847,06/05/2016,13175,10.1300,10.1300,0.0000,2.110,2.090,5.930,0.000,33,45,262,1100,3425
4445114986,06/05/2016,4514,3.0300,3.0300,0.0000,0.000,0.000,3.030,0.000,0,0,229,809,2211
4558609924,06/05/2016,3755,2.4800,2.4800,0.0000,0.000,0.000,2.480,0.000,0,0,202,1238,1722
4702921684,06/05/2016,6943,5.6300,5.6300,0.0000,0.080,0.660,4.870,0.000,1,16,207,682,2859
5553957443,06/05/2016,9632,6.2900,6.2900,0.0000,1.520,0.540,4.230,0.000,21,9,229,761,1916
5577150313,06/05/2016,4950,3.7000,3.7000,0.0000,1.930,0.320,1.450,0.000,41,16,79,1304,2643
6117666160,06/05/2016,3365,2.6800,2.6800,0.0000,0.000,0.000,2.680,0.000,0,0,133,673,1838
6290855005,06/05/2016,6116,4.6200,4.6200,0.0000,0.000,0.000,4.590,0.030,0,0,305,1135,2806
6775888955,06/05/2016,4697,3.3700,3.3700,0.0000,0.470,0.930,1.930,0.000,12,35,75,1318,2496
6962181067,06/05/2016,5908,3.9100,3.9100,0.0000,0.000,0.000,3.910,0.000,0,0,299,717,1850
7007744171,06/05/2016,11459,7.6700,7.6700,0.0000,3.000,0.810,3.860,0.000,44,13,247,1136,2553
7086361926,06/05/2016,12461,8.3800,8.3800,0.0000,3.820,1.430,3.120,0.000,84,35,154,834,2924
8053475328,06/05/2016,13953,11.0000,11.0000,0.0000,9.100,0.690,1.210,0.000,90,15,90,1245,2859
8378563200,06/05/2016,7045,5.5900,5.5900,2.0921,1.550,0.250,3.780,0.000,74,5,166,831,3644
8583815059,06/05/2016,5843,4.5600,4.5600,0.0000,0.140,1.190,3.230,0.000,2,22,166,1250,2683
8792009665,06/05/2016,0,0.0000,0.0000,0.0000,0.000,0.000,0.000,0.000,0,0,0,1440,1688
8877689391,06/05/2016,21727,19.3400,19.3400,0.0000,12.790,0.290,6.160,0.000,96,17,232,1095,4015
1503960366,07/05/2016,11992,7.7100,7.7100,0.0000,2.460,2.120,3.130,0.000,37,46,175,833,1821
1624580081,07/05/2016,2104,1.3700,1.3700,0.0000,0.000,0.000,1.370,0.000,0,0,182,1258,1474
1644430081,07/05/2016,13372,9.7200,9.7200,0.0000,3.260,0.790,5.670,0.010,41,17,243,1139,3404
1844505072,07/05/2016,0,0.0000,0.0000,0.0000,0.000,0.000,0.000,0.000,0,0,0,1440,1347
1927972279,07/05/2016,1510,1.0400,1.0400,0.0000,0.000,0.000,1.040,0.000,0,0,48,1392,2229
2022484408,07/05/2016,6708,4.7100,4.7100,0.0000,1.610,0.080,3.020,0.000,20,2,149,1269,1995
2026352035,07/05/2016,4193,2.6000,2.6000,0.0000,0.000,0.000,2.600,0.000,0,0,229,665,1491
2320127002,07/05/2016,7379,4.9700,4.9700,0.0000,0.000,0.000,4.970,0.000,0,0,319,1121,1972
2873212765,07/05/2016,4940,3.3800,3.3800,0.0000,2.280,0.550,0.550,0.000,75,11,52,1302,1897
3977333714,07/05/2016,11550,7.7300,7.7300,0.0000,0.000,4.130,3.590,0.000,0,86,208,703,1574
4020332650,07/05/2016,6132,4.4000,4.4000,0.0000,0.000,0.000,3.580,0.000,0,0,184,1256,2975
4319703577,07/05/2016,7937,5.3300,5.3300,0.0000,0.190,1.050,4.080,0.000,3,28,279,586,2158
4388161847,07/05/2016,22770,17.5400,17.5400,0.0000,9.450,2.770,5.330,0.000,120,56,260,508,4022
4445114986,07/05/2016,5183,3.5900,3.5900,0.0000,2.130,0.190,1.250,0.000,26,4,108,866,2123
4558609924,07/05/2016,8237,5.4400,5.4400,0.0000,1.610,1.000,2.830,0.000,23,16,233,1116,1973
4702921684,07/05/2016,14370,11.6500,11.6500,0.0000,0.370,2.310,8.970,0.000,5,46,439,577,3683
5553957443,07/05/2016,1868,1.2200,1.2200,0.0000,0.000,0.000,1.220,0.000,0,0,96,902,1494
5577150313,07/05/2016,0,0.0000,0.0000,0.0000,0.000,0.000,0.000,0.000,0,0,0,1440,1819
6117666160,07/05/2016,7336,5.5400,5.5400,0.0000,0.000,0.000,5.540,0.000,0,0,412,456,2469
6290855005,07/05/2016,5510,4.1700,4.1700,0.0000,0.000,0.000,4.160,0.000,0,0,227,1213,2613
6775888955,07/05/2016,1967,1.4100,1.4100,0.0000,0.130,0.240,1.050,0.000,2,5,49,551,1032
6962181067,07/05/2016,6815,4.5000,4.5000,0.0000,0.000,0.000,4.500,0.000,0,0,328,745,1947
7007744171,07/05/2016,0,0.0000,0.0000,0.0000,0.000,0.000,0.000,0.000,0,0,0,111,120
7086361926,07/05/2016,12827,8.4800,8.4800,0.0000,1.460,2.330,4.680,0.000,20,42,209,621,2739
8053475328,07/05/2016,19769,15.6700,15.6700,0.0000,12.440,0.880,2.350,0.000,121,20,148,1076,3331
8378563200,07/05/2016,4468,3.5400,3.5400,0.0000,0.000,0.000,3.540,0.000,0,0,158,851,2799
8583815059,07/05/2016,6117,4.7700,4.7700,0.0000,0.000,0.000,4.770,0.000,0,0,250,1190,2810
8792009665,07/05/2016,0,0.0000,0.0000,0.0000,0.000,0.000,0.000,0.000,0,0,0,1440,1688
8877689391,07/05/2016,12332,8.1300,8.1300,0.0000,0.080,0.960,6.990,0.000,105,28,271,1036,4142
1503960366,08/05/2016,10060,6.5800,6.5800,0.0000,3.530,0.320,2.730,0.000,44,8,203,574,1740
1624580081,08/05/2016,3427,2.2300,2.2300,0.0000,0.000,0.000,2.220,0.000,0,0,152,1288,1427
1644430081,08/05/2016,6724,4.8900,4.8900,0.0000,0.000,0.000,4.880,0.000,0,0,295,991,2987
1844505072,08/05/2016,0,0.0000,0.0000,0.0000,0.000,0.000,0.000,0.000,0,0,0,1440,1347
1927972279,08/05/2016,0,0.0000,0.0000,0.0000,0.000,0.000,0.000,0.000,0,0,0,1440,2063
2022484408,08/05/2016,3292,2.3100,2.3100,0.0000,0.000,0.000,2.310,0.000,0,0,135,1305,1848
2026352035,08/05/2016,5528,3.4500,3.4500,0.0000,0.000,0.000,3.450,0.000,0,0,258,610,1555
2320127002,08/05/2016,5161,3.4800,3.4800,0.0000,0.000,0.000,3.470,0.000,0,0,247,1193,1821
2873212765,08/05/2016,8168,5.5400,5.5400,0.0000,2.900,0.000,2.640,0.000,46,0,326,1068,2096
3977333714,08/05/2016,13585,9.0900,9.0900,0.0000,0.680,5.240,3.170,0.000,9,116,171,688,1633
4020332650,08/05/2016,5862,4.2000,4.2000,0.0000,0.000,0.000,4.150,0.000,0,0,263,775,3089
4319703577,08/05/2016,3672,2.4600,2.4600,0.0000,0.000,0.000,2.460,0.000,0,0,153,603,1792
4388161847,08/05/2016,17298,14.3800,14.3800,0.0000,9.890,1.260,3.230,0.000,107,38,178,576,3934
4445114986,08/05/2016,7303,4.9000,4.9000,0.0000,0.000,0.250,4.650,0.000,0,8,308,733,2423
4558609924,08/05/2016,6543,4.3300,4.3300,0.0000,1.800,0.500,2.020,0.000,66,35,238,1019,2666
4702921684,08/05/2016,12857,10.4300,10.4300,0.0000,0.680,6.210,3.540,0.000,9,125,192,1019,3287
5553957443,08/05/2016,6083,4.0000,4.0000,0.0000,0.220,0.470,3.300,0.000,3,8,210,505,1762
5577150313,08/05/2016,0,0.0000,0.0000,0.0000,0.000,0.000,0.000,0.000,0,0,0,1440,1819
6117666160,08/05/2016,7328,5.5300,5.5300,0.0000,0.000,0.000,5.530,0.000,0,0,318,517,2250
6290855005,08/05/2016,7706,5.8300,5.8300,0.0000,0.000,0.000,5.820,0.000,0,0,251,1189,2712
6962181067,08/05/2016,4188,2.7700,2.7700,0.0000,0.000,0.520,2.250,0.000,0,14,151,709,1659
7086361926,08/05/2016,10677,7.1000,7.1000,0.0000,2.310,1.530,3.250,0.000,32,27,147,695,2534
8053475328,08/05/2016,22026,17.6500,17.6500,0.0000,13.400,0.590,3.660,0.000,125,14,228,1073,3589
8378563200,08/05/2016,2943,2.3300,2.3300,0.0000,0.000,0.000,2.330,0.000,0,0,139,621,2685
8583815059,08/05/2016,9217,7.1900,7.1900,0.0000,0.220,3.310,3.660,0.000,3,72,182,1183,2940
8792009665,08/05/2016,0,0.0000,0.0000,0.0000,0.000,0.000,0.000,0.000,0,0,0,1440,1688
8877689391,08/05/2016,10686,8.1100,8.1100,0.0000,1.080,0.200,6.800,0.000,17,4,245,1174,2847
1503960366,09/05/2016,12022,7.7200,7.7200,0.0000,3.450,0.530,3.740,0.000,46,11,206,835,1819
1624580081,09/05/2016,1732,1.1300,1.1300,0.0000,0.000,0.000,1.130,0.000,0,0,91,1349,1328
1644430081,09/05/2016,6643,4.8300,4.8300,0.0000,2.390,0.350,2.090,0.010,32,6,303,1099,3008
1844505072,09/05/2016,0,0.0000,0.0000,0.0000,0.000,0.000,0.000,0.000,0,0,0,1440,1347
1927972279,09/05/2016,0,0.0000,0.0000,0.0000,0.000,0.000,0.000,0.000,0,0,0,1440,2063
2022484408,09/05/2016,13379,9.3900,9.3900,0.0000,2.120,1.630,5.640,0.000,35,47,297,1061,2709
2026352035,09/05/2016,10685,6.6200,6.6200,0.0000,0.000,0.000,6.600,0.000,0,0,401,543,1869
2320127002,09/05/2016,3090,2.0800,2.0800,0.0000,0.000,0.000,2.080,0.000,0,0,145,1295,1630
2873212765,09/05/2016,7726,5.1900,5.1900,0.0000,0.000,0.000,5.190,0.000,0,0,345,1095,1906
3977333714,09/05/2016,14687,10.0800,10.0800,0.0000,0.770,5.600,3.550,0.000,8,122,151,1159,1667
4020332650,09/05/2016,4556,3.2700,3.2700,0.0000,0.200,0.120,2.940,0.000,3,5,173,1225,2785
4319703577,09/05/2016,10378,6.9600,6.9600,0.0000,0.140,0.560,6.250,0.000,2,14,374,490,2345
4388161847,09/05/2016,10218,7.8600,7.8600,0.0000,0.340,0.730,6.790,0.000,6,19,258,1020,3013
4445114986,09/05/2016,5275,3.5400,3.5400,0.0000,0.000,0.000,3.540,0.000,0,0,266,641,2281
4558609924,09/05/2016,11451,7.5700,7.5700,0.0000,0.430,1.620,5.520,0.000,6,30,339,1065,2223
4702921684,09/05/2016,8232,6.6800,6.6800,0.0000,0.000,0.570,6.100,0.000,0,12,253,746,2990
5553957443,09/05/2016,11611,7.5800,7.5800,0.0000,2.130,0.890,4.560,0.000,59,22,251,667,2272
5577150313,09/05/2016,3421,2.5600,2.5600,0.0000,1.430,0.140,0.990,0.000,34,11,70,1099,2489
6117666160,09/05/2016,4477,3.3800,3.3800,0.0000,0.000,0.000,3.380,0.000,0,0,197,125,1248
6290855005,09/05/2016,6277,4.7500,4.7500,0.0000,0.000,0.000,4.730,0.020,0,0,264,800,2175
6962181067,09/05/2016,12342,8.7200,8.6800,3.1678,3.900,1.180,3.650,0.000,43,21,231,607,2105
7086361926,09/05/2016,13566,9.1100,9.1100,0.0000,4.260,1.710,3.120,0.000,67,50,171,743,2960
8053475328,09/05/2016,12465,9.3800,9.3800,0.0000,6.120,0.570,2.690,0.000,66,12,148,1214,2765
8378563200,09/05/2016,8382,6.6500,6.6500,2.0921,1.270,0.660,4.720,0.000,71,13,171,772,3721
8583815059,09/05/2016,9877,7.7000,7.7000,0.0000,5.760,0.170,1.730,0.000,66,4,110,1260,2947
8792009665,09/05/2016,0,0.0000,0.0000,0.0000,0.000,0.000,0.000,0.000,0,0,0,1440,1688
8877689391,09/05/2016,20226,18.2500,18.2500,0.0000,11.100,0.800,6.240,0.050,73,19,217,1131,3710
1503960366,10/05/2016,12207,7.7700,7.7700,0.0000,3.350,1.160,3.260,0.000,46,31,214,746,1859
1624580081,10/05/2016,2969,1.9300,1.9300,0.0000,0.000,0.000,1.920,0.010,0,0,139,1301,1393
1644430081,10/05/2016,9167,6.6600,6.6600,0.0000,0.880,0.810,4.970,0.010,12,19,155,1254,2799
1844505072,10/05/2016,0,0.0000,0.0000,0.0000,0.000,0.000,0.000,0.000,0,0,0,1440,1347
1927972279,10/05/2016,0,0.0000,0.0000,0.0000,0.000,0.000,0.000,0.000,0,0,0,1440,2063
2022484408,10/05/2016,12798,8.9800,8.9800,0.0000,2.220,1.210,5.560,0.000,57,28,271,1084,2797
2026352035,10/05/2016,254,0.1600,0.1600,0.0000,0.000,0.000,0.160,0.000,0,0,17,1002,1141
2320127002,10/05/2016,6227,4.2000,4.2000,0.0000,0.000,0.000,4.200,0.000,0,0,290,1150,1899
2873212765,10/05/2016,8275,5.5600,5.5600,0.0000,0.000,0.000,5.550,0.010,0,0,373,1067,1962
3977333714,10/05/2016,13072,8.7800,8.7800,0.0000,0.070,5.400,3.310,0.000,1,115,196,676,1630
4020332650,10/05/2016,5546,3.9800,3.9800,0.0000,0.000,0.000,3.870,0.040,0,0,206,774,2926
4319703577,10/05/2016,9487,6.3700,6.3700,0.0000,0.210,0.460,5.700,0.000,3,12,329,555,2260
4388161847,10/05/2016,10299,7.9200,7.9200,0.0000,0.810,0.650,6.460,0.000,13,14,267,648,3061
4445114986,10/05/2016,3915,2.6300,2.6300,0.0000,0.000,0.000,2.630,0.000,0,0,231,783,2181
4558609924,10/05/2016,6435,4.2500,4.2500,0.0000,0.740,1.120,2.390,0.000,11,18,220,1191,1889
4702921684,10/05/2016,10613,8.6100,8.6100,0.0000,0.080,1.880,6.650,0.000,1,37,262,701,3172
5553957443,10/05/2016,16358,10.7100,10.7100,0.0000,3.870,1.610,5.200,0.000,61,40,265,707,2335
5577150313,10/05/2016,8869,6.6500,6.6500,0.0000,2.560,0.750,3.350,0.000,104,37,194,639,3841
6290855005,10/05/2016,0,0.0000,0.0000,0.0000,0.000,0.000,0.000,0.000,0,0,0,1440,0
6962181067,10/05/2016,15448,10.2100,10.2100,0.0000,3.470,1.750,4.990,0.000,62,34,275,626,2361
7086361926,10/05/2016,14433,10.7900,10.7900,0.0000,7.110,1.200,2.450,0.000,72,23,106,1182,2800
8053475328,10/05/2016,14810,11.3600,11.3600,0.0000,9.090,0.420,1.850,0.000,96,10,115,1219,2926
8378563200,10/05/2016,6582,5.2200,5.2200,2.2531,0.660,0.640,3.920,0.000,63,13,152,840,3586
8583815059,10/05/2016,8240,6.4300,6.4300,0.0000,0.690,2.010,3.720,0.000,9,43,162,1226,2846
8792009665,10/05/2016,0,0.0000,0.0000,0.0000,0.000,0.000,0.000,0.000,0,0,0,48,57
8877689391,10/05/2016,10733,8.1500,8.1500,0.0000,1.350,0.460,6.280,0.000,18,11,224,1187,2832
1503960366,11/05/2016,12770,8.1300,8.1300,0.0000,2.560,1.010,4.550,0.000,36,23,251,669,1783
1624580081,11/05/2016,3134,2.0400,2.0400,0.0000,0.000,0.000,2.040,0.000,0,0,112,1328,1359
1644430081,11/05/2016,1329,0.9700,0.9700,0.0000,0.000,0.000,0.950,0.010,0,0,49,713,1276
1844505072,11/05/2016,0,0.0000,0.0000,0.0000,0.000,0.000,0.000,0.000,0,0,0,1440,1347
1927972279,11/05/2016,0,0.0000,0.0000,0.0000,0.000,0.000,0.000,0.000,0,0,0,1440,2063
2022484408,11/05/2016,13272,9.3200,9.3200,0.0000,4.180,1.150,3.990,0.000,58,25,224,1133,2544
2026352035,11/05/2016,8580,5.3200,5.3200,0.0000,0.000,0.000,5.320,0.000,0,0,330,569,1698
2320127002,11/05/2016,6424,4.3300,4.3300,0.0000,0.000,0.000,4.330,0.000,0,0,300,1140,1903
2873212765,11/05/2016,6440,4.3300,4.3300,0.0000,0.000,0.000,4.320,0.010,0,0,319,1121,1826
3977333714,11/05/2016,746,0.5000,0.5000,0.0000,0.370,0.000,0.130,0.000,4,0,9,13,52
4020332650,11/05/2016,3689,2.6500,2.6500,0.0000,0.110,0.170,2.330,0.000,2,8,134,1296,2645
4319703577,11/05/2016,9129,6.1300,6.1300,0.0000,0.200,0.740,5.180,0.000,3,18,311,574,2232
4388161847,11/05/2016,10201,7.8400,7.8400,0.0000,0.530,0.790,6.530,0.000,8,18,256,858,2954
4445114986,11/05/2016,9105,6.1100,6.1100,0.0000,2.250,1.000,2.860,0.000,34,22,232,622,2499
4558609924,11/05/2016,9108,6.0200,6.0200,0.0000,0.260,1.820,3.940,0.000,4,31,324,1081,2131
4702921684,11/05/2016,9810,7.9600,7.9600,0.0000,0.780,2.160,4.980,0.000,10,41,235,784,3069
5553957443,11/05/2016,4926,3.2200,3.2200,0.0000,0.000,0.000,3.220,0.000,0,0,195,628,1693
5577150313,11/05/2016,4038,3.0400,3.0400,0.0000,1.830,0.300,0.890,0.000,45,15,63,257,1665
6962181067,11/05/2016,6722,4.4400,4.4400,0.0000,1.490,0.310,2.650,0.000,24,7,199,709,1855
7086361926,11/05/2016,9572,6.5200,6.5200,0.0000,2.890,1.390,2.230,0.000,57,40,128,757,2735
8053475328,11/05/2016,12209,9.4000,9.4000,0.0000,6.080,0.280,3.040,0.000,60,7,184,1189,2809
8378563200,11/05/2016,9143,7.2500,7.2500,2.0921,1.390,0.590,5.270,0.000,72,10,184,763,3788
8583815059,11/05/2016,8701,6.7900,6.7900,0.0000,0.370,3.240,3.170,0.000,5,71,177,1106,2804
8877689391,11/05/2016,21420,19.5600,19.5600,0.0000,13.220,0.410,5.890,0.000,88,12,213,1127,3832
1503960366,12/05/2016,0,0.0000,0.0000,0.0000,0.000,0.000,0.000,0.000,0,0,0,1440,0
1624580081,12/05/2016,2971,1.9300,1.9300,0.0000,0.000,0.000,1.920,0.010,0,0,107,890,1002
1844505072,12/05/2016,0,0.0000,0.0000,0.0000,0.000,0.000,0.000,0.000,0,0,0,711,665
1927972279,12/05/2016,0,0.0000,0.0000,0.0000,0.000,0.000,0.000,0.000,0,0,0,966,1383
2022484408,12/05/2016,9117,6.4100,6.4100,0.0000,1.280,0.670,4.440,0.000,16,16,236,728,1853
2026352035,12/05/2016,8891,5.5100,5.5100,0.0000,0.000,0.000,5.510,0.000,0,0,343,330,1364
2320127002,12/05/2016,2661,1.7900,1.7900,0.0000,0.000,0.000,1.790,0.000,0,0,128,830,1125
2873212765,12/05/2016,7566,5.1100,5.1100,0.0000,0.000,0.000,5.110,0.000,0,0,268,720,1431
4020332650,12/05/2016,590,0.4200,0.4200,0.0000,0.000,0.000,0.410,0.000,0,0,21,721,1120
4319703577,12/05/2016,17,0.0100,0.0100,0.0000,0.000,0.000,0.010,0.000,0,0,2,0,257
4388161847,12/05/2016,3369,2.5900,2.5900,0.0000,0.000,0.000,2.590,0.000,0,0,108,825,1623
4445114986,12/05/2016,768,0.5200,0.5200,0.0000,0.000,0.000,0.520,0.000,0,0,58,380,1212
4558609924,12/05/2016,6307,4.1700,4.1700,0.0000,0.000,0.000,4.170,0.000,0,0,247,736,1452
4702921684,12/05/2016,2752,2.2300,2.2300,0.0000,0.000,0.000,2.230,0.000,0,0,68,241,1240
5553957443,12/05/2016,3121,2.0400,2.0400,0.0000,0.580,0.400,1.060,0.000,8,6,48,222,741
6962181067,12/05/2016,3587,2.3700,2.3700,0.0000,0.000,0.250,2.110,0.000,0,8,105,127,928
7086361926,12/05/2016,3789,2.5600,2.5600,0.0000,0.380,0.270,1.890,0.000,5,4,58,343,1199
8053475328,12/05/2016,4998,3.9100,3.9100,0.0000,2.950,0.200,0.760,0.000,28,4,39,839,1505
8378563200,12/05/2016,4561,3.6200,3.6200,0.0000,0.650,0.270,2.690,0.000,8,6,102,433,1976
8583815059,12/05/2016,0,0.0000,0.0000,0.0000,0.000,0.000,0.000,0.000,0,0,0,1440,0
8877689391,12/05/2016,8064,6.1200,6.1200,0.0000,1.820,0.040,4.250,0.000,23,1,137,770,1849
